,NVDA 2012.3　アクセシビリティサポーテッド検証結果 [等級A]  2012年12月版,,,,,,
,＊ この検証結果は、ウェブアクセシビリティ基盤委員会 実装ワーキンググループ（WG2）が提供する参考情報であり、予告なく変更されることがあります。,,,,,記号の説明,
,＊ この情報をご利用になる前に、ライセンス（利用許諾条項）と免責事項を必ずご確認ください。,,,,,○,サポートあり
,＊最新版は、ウェブアクセシビリティ基盤委員会のサイトでご確認ください（http://waic.jp/docs/jis2010/as.html）。,,,,,△,一部サポート
,,,,,,×,サポートなし
,,,,,,？,判定できず
,"Windows 7 , Mozilla Firefox 17.0.1 , NVDA 2012.3.1",,,,,-,テスト不要（N/A）
検証日,"テストファイル
No.","検証結果
○/△/×/?/-",操作手順・音声読み上げログ,備考,,,
2012/12/17,C6,×,"■操作手順
「テスト開始」から「テスト終了」までを下矢印キーを使って読み上げたが、リストがあることは確認できるものの、定義リストかどうかを判断することはできなかった。
■音声読み上げ
「リスト７項目

野菜
きゅうり
なす
大根
果物
りんご
みかん

リスト終了」",,,,
2012/12/17,C7,○,"■操作手順
リンク項目にフォーカスを移動させると、「ワシントンによる経済成長促進プランの全文」と読み上げられる。
■音声読み上げ
「ワシントンによる経済成長促進プランの全文」",,,,
2012/12/17,C8,○,"■操作手順
「東京都」と読み上げられた。
■音声読み上げ
「東京都」",,,,
,C9-1,-,テスト不要,,,,
2012/12/17,C9-2,○,"■操作手順
テキストリンクにフォーカスを移動したところ、「経済産業省」と読み上げた。
■音声読み上げ
「経済産業省」",,,,
,C9-3,-,テスト不要,,,,
2012/12/17,G1-1,○,"■操作手順
1. リンク「メインコンテンツへスキップ」にフォーカスを移動させてリンクを押下した後全文読み上げを開始すると「プレスリリース」から読み上げ始めた。
2. リンク「メインコンテンツへスキップ」にフォーカスを移動させてリンクを押下した後、次にTabキーを押下するとニュース本文にあるリンク「PCサーバ「PRIMERGY」」にフォーカスが移動して読み上げられた。
■音声読み上げ
「見出しレベル1　プレスリリース
PCサーバ「PRIMERGY」　リンク」",,,,
2012/12/17,G1-2,○,"■操作手順
1. リンク「メインコンテンツへスキップ」にフォーカスを移動させてリンクを押下した後全文読み上げを開始すると「プレスリリース」から読み上げ始めた。
2. リンク「メインコンテンツへスキップ」にフォーカスを移動させてリンクを押下した後、次にTabキーを押下するとニュース本文にあるリンク「PCサーバ「PRIMERGY」」にフォーカスが移動して読み上げられた。
■音声読み上げ
「見出しレベル1　プレスリリース
PCサーバ「PRIMERGY」　リンク」",,,,
2012/12/17,G14-1,○,"■操作手順
1. 各セッションが「T1」、「T2」、「T3」のどれに属するのかが分かった。
■音声読み上げ
「9:00～9:30  セッション1（T1）
9:30～10:00  セッション2（T1）
10:00～10:30  セッション3（T1）
10:30～11:00  セッション4（T1）
9:00～9:30  セッション5（T2）
9:30～10:00  セッション6（T2）
10:00～10:30  セッション7（T2）
10:30～11:00  セッション8（T2）
9:00～9:30  セッション9（T3）
9:30～10:00  セッション10（T3）
10:00～10:30  セッション11（T3）
10:30～11:00  セッション12（T3）」",,,,
2012/12/17,G14-2,○,"■操作手順
1. 各セッションが「トラック 1」、「トラック 2」、「トラック 3」のどれに属するのかが分かった。
■音声読み上げ
「セッション 1 画像トラック 1
セッション 2 画像トラック 1
セッション 3 画像トラック 1
セッション 4 画像トラック 1
セッション 5 画像トラック 2
セッション 6 画像トラック 2
セッション 7 画像トラック 2
セッション 8 画像トラック 2
セッション 9 画像トラック 3
セッション 10 画像トラック 3
セッション 11 画像トラック 3
セッション 12 画像トラック 3」",,,,
2012/12/17,G14-3,○,"■操作手順
「お問合せ件名」、「お名前」に移動したとき、「必須」という文言が項目とともに読み上げられた。
■音声読み上げ
「お問合せ件名[必須] 選択してください　コンボボックスクローズサブメニュー
お名前[必須] （漢字）　エディットオートコンプリート」
",判定基準に「必須項目であることが音声だけでも伝わるか」と書かれています。確かに、「音声ブラウザ、スクリーンリーダーの場合」とあるので、それでも問題は無いのかもしれませんが、しかし点字出力をしているユーザーの存在を考えれば、「音声だけ」の「だけ」というのはやや問題があるように感じられます。,,,
2012/12/17,G14-4,○,"■操作手順
それぞれのボタンに移動したところ、「ボタン送信」、「ボタン取り消し」と読み上げられた。
■音声読み上げ
「ボタン送信
ボタン取り消し」",,,,
2012/12/17,G21,○,"■操作手順
Tabキーでフォーカスをリンク「HTMLのリンク 1」へ移動させた後、Tabキーを押下したところ、リンク項目「富士通トップページへ」にフォーカスが移動し、さらにTabキーを押下したところフォーカスが次のリンク「HTMLのリンク 2」に移動した

■音声読み上げ
「HTMLのリンク1
富士通トップページへ」
HTMLのリンク 2",,,,
2012/12/17,G53,○,"■操作手順
Tabキー（またはKキー）でフォーカスを[ここをクリック]リンクへ移動させ、NVDAキー（テンキー０等）＋上矢印キーを押すと、リンクを含む行「ウェブアクセシビリティ基盤委員会の詳細は、ここをクリック。」と読み上げた。

■音声読み上げ
「ウェブアクセシビリティ基盤委員会の詳細は、ここをクリック。」
",,,,
2012/12/25,G88-1,○,"■操作手順
ページを開いたとき、ページタイトルが読み上げられた。
■音声読み上げ
「自己適合宣言｜日本ウェブアクセシビリティ協会」",,,,
,G90-1,-,テスト不要,,,,
,G90-2,-,テスト不要,,,,
,G90-3,-,テスト不要,,,,
,G90-4,-,テスト不要,,,,
,G90-5,-,テスト不要,,,,
2012/12/25,G91,○,"■操作手順
リンク項目に移動したとき、「東京駅構内の最新のルート」と読み上げられ、リンクを開くことができた。
■音声読み上げ
「東京駅構内の最新のルート」",,,,
2012/12/25,G96-1,○,"■操作手順
ボタンにフォーカスを移動したとき「ボタンGo」と読み上げた。
■音声読み上げ
「ボタンGo」",,,,
2012/12/25,G96-2,○,"■操作手順
位置（「下」）が分からなくても、「利用可能な番号」という見出しを探し出し、選ぶことのできる番号を確認することができた。
■音声読み上げ
「見出しレベル1　利用可能な番号
リスト4項目
1234-5678-90
2345-6789-01
3456-7890-12
4567-8901-23
リスト終了」",,,,
2012/12/25,G96-3,○,"■操作手順
1. 下矢印キーを押して移動することで、位置（右下）が分からなくても、「プレビュー」ボタンを見つけることができた。
■音声読み上げ
「リンク画像　プレビュー」",テスト方法には「プレビューボタン」と表現されていますが、実際に存在しているのは画像リンクであることに問題はないでしょうか？確かに画像はボタンの外観を伴っていますが、しかし代替テキストに「ボタン」という言葉は含まれておらず、マークアップ上もbutton要素が使われていないため、ボタンをみつけるということが困難と思われます。,,,
2012/12/25,G107,○,"■操作手順
リンク「用語解説 (新しいウィンドウで表示)」にフォーカスを移動させただけでは何も起こらずに、リンクを押下したときだけリンク先が別のタブで開いた。
■音声読み上げ
「用語解説 (新しいウィンドウで表示)」",利用者の閲覧環境によっては、必ずしも「新しいウインドウ」が表示されるわけではないため、リンクテキスト及びテスト項目の表現を変えるべきと考えます。また、Firefox 19.0.2において、タブキーで操作したときに当該リンクにフォーカスを与えた次のタブキー操作で新しいウィンドウが開いてしまう事象が確認されました。,,,
2012/12/25,G108,○,"■操作手順
1. テキストフィールドにフォーカスを移動させた際に、テキストフィールドであること及びtitle属性値「検索キーワードを入力」が読み上げられた。
2. 検索ボタンにフォーカスを移動させた際に、ボタンであること及びvalue属性値「検索」が読み上げられた。
■音声読み上げ
「検索キーワードを入力　エディットオートコンプリート
検索ボタン」",,,,
2012/12/25,G115-1,○,"■操作手順
Kキーを押して、リンク項目「ダウンロードページ」というリンクに移動することができた。
■音声読み上げ
「リンクダウンロードページ」",,,,
2012/12/25,G115-2,△,"■操作手順
1. cite要素でマークアップされた「吾輩は猫である」を、引用元として認識して読み上げることができなかった。
2. blockquote要素でマークアップされた部分は、「引用」～「引用終了」というメッセージとともに読み上げられた。
■音声読み上げ
「引用 吾輩は猫である。名前はまだ無い。
どこで生れたかとんと見当がつかぬ。何でも薄暗いじめじめした所でニャーニャー泣いていた事だけは記憶している。吾輩はここで始めて人間というものを見た。しかもあとで聞くとそれは書生という人間中で一番獰悪な種族であったそうだ。この書生というのは時々我々を捕えて煮て食うという話である。しかしその当時は何という考もなかったから別段恐しいとも思わなかった。 引用終了」",,,,
2012/12/25,G115-3,×,"■操作手順
該当項目は通常の本文と同じように読み上げられた。
■音声読み上げ
「エンジンを始動する前にギアがニュートラルにあることを確認してください」",,,,
2012/12/25,G115-4,×,"■操作手順
該当項目は通常の本文と同じように読み上げられた。
■音声読み上げ
「...彼女が本当に言いたかったのは、""これは良いどころではなく、むしろ素晴らしい""ということだった！...」",,,,
2012/12/25,G115-5,×,"■操作手順
該当項目は通常の本文と同じように読み上げられた。
■音声読み上げ
「そのプレー対する痛烈な批評は、少々厳しすぎるように思われました。」",,,,
2012/12/25,G117,○,"■操作手順
それぞれの製品Bにフォーカスを移動したところ、付加情報を含めて読み上げられた。
■音声読み上げ
「製品 B（新製品）
製品 B（特価品）
製品 B（注目商品）
製品 B（生産中止）」",,,,
2012/12/28,G122,○,"■操作手順
「お名前」のエディットフィールドに移動した際、「必須」というメッセージも読み上げられた。
■音声読み上げ
「お名前　(必須):　オートコンプリート」",判定基準に「必須項目であることが音声だけでも伝わるか」と書かれています。確かに、「音声ブラウザ、スクリーンリーダーの場合」とあるので、それでも問題は無いのかもしれませんが、しかし点字出力をしているユーザーの存在を考えれば、「音声だけ」の「だけ」というのはやや問題があるように感じられます。,,,
2012/12/28,G123-4a,○,"■操作手順
1. 「メイン ナビゲーションをスキップ」を押下した後、Tabキーを押すと「サブ ナビゲーションをスキップ」にフォーカスが移動した。
2. 「サブ ナビゲーションをスキップ」を押下した後、Tabキーを押すと「ウルトラ サブ ナビゲーションをスキップ」にフォーカスが移動した。
3. 「ウルトラ サブ ナビゲーションをスキップ」を押下した後、Tabキーを押すとリンク「アクセシビリティ」にフォーカスが移動した。
■音声読み上げ
「サブ ナビゲーションをスキップ
ウルトラ サブ ナビゲーションをスキップ
アクセシビリティ」",,,,
2012/12/28,G123-4b,○,"■操作手順
1. 「メイン ナビゲーションをスキップ」を押下した後、Tabキーを押すと「サブ ナビゲーションをスキップ」にフォーカスが移動した。
2. 「サブ ナビゲーションをスキップ」を押下した後、Tabキーを押すと「ウルトラ サブ ナビゲーションをスキップ」にフォーカスが移動した。
3. 「ウルトラ サブ ナビゲーションをスキップ」を押下した後、Tabキーを押すとリンク「アクセシビリティ」にフォーカスが移動した。
■音声読み上げ
「サブ ナビゲーションをスキップ
ウルトラ サブ ナビゲーションをスキップ
アクセシビリティ」",,,,
2012/12/28,G124-1,○,"■操作手順
1. スキップリンク「メインコンテンツへスキップ」を押下した後、次にTabキーを押下したところリンク「メインコンテンツにあるリンク」にフォーカスが移動した。
2. スキップリンク「検索ボックスへスキップ」を押下した後、次にTabキーを押下したところ検索のテキストフィールドにフォーカスが移動した。
3. スキップリンク「メインメニューへスキップ」を押下した後、次にTabキーを押下したところリンク「このサイトについて」にフォーカスが移動した。
■音声読み上げ
「メインコンテンツにあるリンク　リンク
検索エディットオートコンプリート　空行
このサイトについて　リンク」",,,,
2012/12/28,G124-2,○,"■操作手順
1. スキップリンク「メインコンテンツへスキップ」を押下した後、次にTabキーを押下したところリンク「メインコンテンツにあるリンク」にフォーカスが移動した。
2. スキップリンク「検索ボックスへスキップ」を押下した後、次にTabキーを押下したところ検索のテキストフィールドにフォーカスが移動した。
3. スキップリンク「メインメニューへスキップ」を押下した後、次にTabキーを押下したところリンク「このサイトについて」にフォーカスが移動した。
■音声読み上げ
「メインコンテンツにあるリンク　リンク
検索エディットオートコンプリート　空行
このサイトについて　リンク」",,,,
2012/12/28,G138,△,"■操作手順
1. 「件名」及び「お名前」のテキストフィールドを読み上げる際に、「[必須]」もあわせて読み上げられた。
2. strong要素でマークアップされた「[必須]」が、強調されていることは分かるように読み上げられなかった。
■音声読み上げ
「件名 [必須]： エディットオートコンプリート
お名前 [必須]： エディットオートコンプリート」",,,,
,G187,-,テスト不要,,,,
2012/12/28,G196-1,○,"■操作手順
下矢印キーで移動すると「評価： 5つ星中、星3個」と読み上げられた。
■音声読み上げ
「評価：画像 5つ星中、星3個」",,,,
2012/12/28,G196-2,○,"■操作手順
1. それぞれの代替テキスト「A」、「AA」、「AAA」が読み上げられた。
■音声読み上げ
「画像A
画像AA
画像AAA」","テスト方法の中の""（「AA」と「AAA」では、2つ目以降の画像については無視されて何も読み上げられないか）""の部分が何を指しているのか、がやや不明確な印象があります。代替テキストが空の場合の処理を試験しているのではないか？との疑義です。そもそも、この例において画像を分割するということが適切な実装なのかというのも疑問です。",,,
2012/12/28,H2-1,○,"■操作手順
リンク項目にフォーカスを移動させた際、「富士通公開サイト」というリンクテキストが読み上げられた。
■音声読み上げ
「富士通公開サイト」",,,,
2012/12/28,H2-2,○,"■操作手順
リンク項目にフォーカスを移動させたところ、「富士通株式会社公式サイト」と読み上げられた
■音声読み上げ
「画像富士通株式会社公式サイト」",,,,
2012/12/28,H4-1,○,"■操作手順
1.Tabキーを押下すると、指定された順序でフォーカスが移動した。
■音声読み上げ
「夫の姓　エディットオートコンプリート空行
3行2列　夫の名　エディットオートコンプリート空行
4行2列　夫の出身地　エディットオートコンプリート空行
2行3列　妻の姓　エディットオートコンプリート空行
3行3列　妻の名　エディットオートコンプリート空行
4行3列　妻の出身地　エディットオートコンプリート空行」",,,,
2012/12/28,H4-2,○,"■操作手順
タブキーで移動したとき、指定された順番でコンテンツが読み上げられた。
■音声読み上げ
「エディットオートコンプリート　空行
検索ボタン
リスト3項目　携帯サイト　リンク
サイトマップ　リンク」",,,,
2012/12/28,H4-3a,○,"■操作手順
フォーカスを移動させると、指定された順序で移動して読み上げられた。
■音声読み上げ
「リンク 1　リンク
リンク 3　リンク
リンク 2　リンク
リンク 4　リンク」",,,,
2012/12/28,H4-3b,○,"■操作手順
1. Tabキーでフォーカスを移動させると、指定された順序で移動して読み上げられた。
■音声読み上げ
「リンク 1　リンク
リンク 2　リンク
リンク 21　リンク
リンク 3　リンク
リンク 20　リンク」",,,,
2012/12/28,H24,○,"■操作手順
「テスト開始」と読まれた次の行に下矢印キーを使って移動すると、「S棟（ソリューション棟）」、「O棟（オフィス棟）」、「C棟（共通棟）」の順に読み上げられた。
■音声読み上げ
「画像リンク S棟 ソリューション棟　リンク オフィス棟　リンク C棟 共通棟」",,,,
2012/12/28,H25,○,"■操作手順
ページが開かれた時、「ワールドワイドウェブコンソーシアム」と読み上げられた。
■音声読み上げ
「ワールドワイドウェブコンソーシアム」",,,,
2012/12/28,H30-1,○,"■操作手順
リンクにフォーカスした際、「首相官邸ホームページ」と読み上げられた。
■音声読み上げ
「リンク首相官邸ホームページ」",,,,
2012/12/28,H30-2,○,"■操作手順
リンク項目にフォーカスを移動した際、「リンク画像東京駅構内の最新のルート」と読み上げられた。
■音声読み上げ
「リンク画像東京駅構内の最新のルート」",,,,
2012/12/28,H30-3,○,"■操作手順
リンク項目にフォーカスを移動した際、「リンク東京駅構内の最新のルート」と読み上げられた。
■音声読み上げ
「リンク東京駅構内の最新のルート」",,,,
2012/12/28,H30-4,○,"■操作手順
リンクにフォーカスした際、「首相官邸ホームページ」と読み上げられた。
■音声読み上げ
「首相官邸ホームページリンク」",テストの質問が「リンクにフォーカスを移動させた際に、テキストリンクのラベル「首相官邸ホームページ」だけが読み上げられるか」とあるが、他に読み上げられる可能性のある項目がある場合はそれを提示しなければ、正確なテストができない（試験結果の全体像ないし正解がわかりにくい）印象があります。代替テキストが空の場合の処理を試験しているのではないか？との疑義もあります。,,,
2013/1/10,H30-5,○,"■操作手順
リンク項目にフォーカスを移動させた際、「施設ご利用の手引き 画像PDFファイル」と読み上げられた。
■音声読み上げ
「施設ご利用の手引き 画像PDFファイル」",,,,
2013/1/10,H32-1,○,"■操作手順
「申し込む」ボタンに移動してEnterキーを押下したところ、ページが遷移した。
■音声読み上げ
Example DomainThis domain is established to be used for illustrative examples in documents. You do not need to coordinate or ask for permission to use this domain in examples, and it is not available for registration.",ボタンを押下するとページは遷移するが、フォームが送信されたかどうかは判断できません。現状、ページ遷移は発生するものの、それをもって「フォームが送信された」と判断してよいものかどうか、が明示的ではありません。,,,
2013/1/10,H32-2,○,"■操作手順
1. セレクトメニューで選択肢を選んだだけでは何も起こらず、[選択したページへ移動する]ボタンを押下した後選択したページへリダイレクトされた。
■音声読み上げ
「チュートリアル」",,,,
2013/1/10,H33-1,×,"■操作手順
リンクにフォーカスすると、「富士通」だけが読み上げられた。
■音声読み上げ
「リンク富士通」",,,,
2013/1/10,H33-2,×,"■操作手順
1. リンク「富士通 公開サイト」にフォーカスを移動させた際に、リンクテキスト「富士通 公開サイト」のみが読み上げられた。
■音声読み上げ
「リンク富士通 公開サイト」",,,,
2013/1/10,H35,×,"■操作手順
ページを開いても、「埋め込みオブジェクト」という文言以外なにも読み上げられなかった。

■音声読み上げ
埋め込みオブジェクト",,,,
2013/1/10,H36,○,"■操作手順
送信ボタンにフォーカスを移動させた際、「ボタン送信」と読み上げられた。
■音声読み上げ
「ボタン送信」",,,,
2013/1/10,H37-1,○,"■操作手順
リンクテキストにフォーカスを移動させた際、「東京駅構内図を見る」と読み上げられた。
■音声読み上げ
リンク画像「東京駅構内図をみる」",,,,
2013/1/10,H37-2,○,"■操作手順
「テスト開始」と読み上げられたところで下矢印キーを押したところ、「デパートのフロアガイド。各階について詳しくお知りになりたい場合は各階をクリックしてください。4F雑貨 書籍3F衣料品2Fお菓子 その他食品1F生鮮食品」と読み上げられた。

■音声読み上げ
デパートのフロアガイド。各階について詳しくお知りになりたい場合は各階をクリックしてください。4F雑貨 書籍3F衣料品2Fお菓子 その他食品1F生鮮食品",,,,
2013/1/10,H39,○,"■操作手順
Tキーでテーブルにフォーカスを移動させた際、「テーブル3行6列のテーブル3月6日の週の予定」と読み上げられた。
■音声読み上げ
「テーブル3行6列のテーブル　3月6日の週の予定」",,,,
2013/1/10,H42,○,"■操作手順
ページを開くと、まず「サイト内ナビゲーション」が読まれ、Hキーを押すと次の見出しである「本日の株式市場」へ移動して読み上げた。さらにHキーを押すと、「関連リンク」見出しに移動して、見出しレベルとともに読み上げた。
■音声読み上げ
「サイト内ナビゲーション見出しレベル２　本日の株式市場見出しレベル１　関連リンク見出しレベル２」",,,,
2013/1/10,H43,○,"■操作手順
Ctrl+Alt+左右矢印キーでセル間を移動した際、移動先のセルの内容とともに関連する見出しを読み上げた。
■音声読み上げ
15%　東京男性2列5%　東京女性３列15%　東京合計４列１０％」",,,,
2013/1/10,H44-1,○,"■操作手順
Tabキーによりテキストフィールドにフォーカスを移動すると「お名前エディットオートコンプリート」と読み上げ、自動的にフォーカスモードに変更された。
■音声読み上げ
「お名前　エディット オートコンプリート」",,,,
2013/1/10,H44-2,○,"■操作手順
Tabキーによりチェックボックスにフォーカスを移動すると、「HTMLチェックボックスチェック」と読み上げた。
■音声読み上げ
「HTML チェックボックス チェック」",,,,
2013/1/10,H44-3,○,"■操作手順
ラジオボタンにフォーカスを移したとき、ラジオボタンがそれぞれのラベルとともに読み上げられた。
■音声読み上げ
「チョコレートタイプラジオボタンチェックなし」　「クリームたっぷりタイプラジオボタンチェックなし」　「はちみつがけタイプラジオボタンチェックなし」",,,,
2013/1/10,H45,×,"■操作手順
代替テキスト「会員数の遷移グラフ」は読み上げられるものの、longdesc属性に関する読み上げはなかった。
■音声読み上げ
「画像会員数の遷移グラフ」",,,,
2013/1/10,H48-1,○,"■操作手順
下矢印キーでリストに移動したとき、リストの前に「リスト2項目」と読み上げ、リストの中ではそれぞれの項目の前に番号を読み上げた。
■音声読み上げ
「リスト2項目　1 ボウルにたまごと牛乳を入れ、混ぜます。
2 塩とコショウを加えます。」",,,,
2013/1/10,H48-2,○,"■操作手順
下矢印キーによりリスト項目を読み上げる前に、リスト3項目と読み、牛乳卵バターと読み上げ、最後にリスト終了と読み上げた。
■音声読み上げ
「リスト3項目、牛乳卵バター、リスト終了」",,,,
2013/1/10,H48-3,×,"■操作手順
下矢印キーで定義リストに移動しても、定義リストであることが通知されなかった。
■音声読み上げ
リストⅡ項目

「点滅
一秒間に3～5回点いたり消えたりすること」
リスト終了",,,,
2013/1/10,H49-1,×,"■操作手順
テキストを読み上げさせても、通常のテキストと変わりなく読み上げられた。
■音声読み上げ
「彼女が本当に言いたかったのは これは良いどころではなく むしろ素晴らしいということだった」",,,,
2013/1/10,H49-2,△,"■操作手順
「わが人生の物語」は本文と同じように読み上げるが、「ここが引用されているブロックです…」はその前に「引用」と読み上げ、引用終了後には「引用終了」と読み上げた。
■音声読み上げ
「次の文章は、ヘレンケラーのわが人生の物語からの引用です　引用　ここが引用されているブロックです　ここが引用されているブロックです　ここが引用されているブロックです　ここが引用されているブロックです　ここが引用されているブロックです　引用終了」",,,,
2013/1/10,H49-3,×,"■操作手順
矢印キーを使って行を読み上げたが、通常のテキストと引用文の区別ができなかった。
■音声読み上げ
「ヘレン・ケラーは言いました、 ""自己憐憫は私たちの最悪の敵です。もし、それに自らを委ねるなら、 私たちは世の中で決して賢明なことができないでしょう。""」","引用文を囲んでいる"" ""（引用符）は、左右の矢印キーで移動するときには読み上げることができるが、上下の矢印キーで移動する際は読み上げられませんでした。これは偶然発見したものですが、キーボード操作によって読み上げられ方に相違が生じる場合をどう試験結果に反映すべきかがやや不透明であるとの印象があります。",,,
2013/1/10,H49-4,△,"■操作手順
1. ""Zn2+""が「ゼット エヌ ニ プラス」と読み上げられた。
2. ""H2O""が「エイチ ニ オー」と読み上げられた
■音声読み上げ
亜鉛イオンは ゼットエヌにプラス
The chemical notation for water is エイチにオー.",記号の読み方及び特定の単語の読み方は、使用する音声読み上げ環境及び音声エンジンの辞書に依存します。従い、テストで読み上げさせる項目について再度検討すべきではないでしょうか。そもそも、「本テスト方法は、協議中の内容です。」とある状況は、いつになれば解消するでしょうか。,,,
2013/1/10,H50-1,○,"■操作手順
矢印キーまたはLキーを使ってリストに移動し、リストがあることは把握できるが、リストをスキップすることはできなかった。
■音声読み上げ
「リスト9項目
リンクキッチン　リンクベッドルーム・浴室　リンクダイニング　リンク照明　リンク収納」","「,」キーでリストをスキップすることができる。
(2014-06-19 テスト結果を訂正)",,,
2013/1/10,H50-2,×,"■操作手順
map要素のtitle属性値「メインメニュー」を読み上げることができなかった。また、4つのリンク項目を読み飛ばすことはできなかった。
■音声読み上げ
「[リンクホーム]　[リンク検索]　[リンク更新情報]　[リンクサイトマップ] 」",,,,
2013/1/10,H51,△,"■操作手順
1. サムと会うと読まれるセルに上下カーソルキーを使って移動し、Ctrl+Alt+下矢印を押したところ、９時～１０時　ドリー先生と読み上げられた。
2. ウィリアムズ医師セルに移動してCtrl+Alt+右矢印を押したところ、木曜　再度サムと会うと読み上げられた。

3. 個別のセルの詳細情報を読み上げるためのコマンドはない。
■音声読み上げ
1. 「サムと会う　3行　９時～１０時　ドリー先生　ウィリアムズ医師　5列再度サムと会う」",,,,
2013/1/10,H53-1,○,"■操作手順
テスト開始と読まれる見出しのところで下矢印キーを押すと、「ここには、オブジェクトとその動作についての説明が入ります」と読まれた。
■音声読み上げ
「ここには　オブジェクトとその動作についての説明が入ります」",,,,
2013/1/10,H53-2,○,"■操作手順
「画像　富士通」と読み上げられた。
■音声読み上げ
「画像　富士通」",,,,
2013/1/10,H53-3,×,"■操作手順
「テスト開始」と「テスト終了」の間を矢印キーで移動すると、「空行」と読み上げられ、代替テキストは確認できなかった。
■音声読み上げ
「空行」",,,,
2013/1/10,H56,×,"■操作手順
「」内の数字は、6789 5 4 3 2 1と読み上げられた。
■音声読み上げ
「数字を並べます。「。6789、5 4 3 2 1」 昇順になっているはずです。」
",,,,
2013/1/10,H57-1,○,"■操作手順
対応している音声エンジンを使用している場合は、ページを開くとフランス語の音声エンジンに切り替えて内容をよむことができた. 
■音声読み上げ
「document ?crit en fran?ais」",,,,
2013/1/10,H57-2,○,"■操作手順
対応している音声エンジンを使用している場合は、ページを開くとフランス語の音声エンジンに切り替えて内容をよむことができた. 
■音声読み上げ
「document ?crit en fran?ais」",,,,
2013/1/10,H57-3,×,"■操作手順
ページを開いても、音声エンジンがフランス語に切り替わらなかった。
■音声読み上げ
「document ?crit en fran?ais」",,,,
2013/1/10,H63,△,"■操作手順
1. 同じ行にあるデータセルからデータセルへ移動した際（例：「クリーブ・ロイド」から「410-306-1420」へ移動した際）、移動した先のセルの列見出し（例：「電話」）が一緒に読み上げられた。
2. 同じ行の項目「ジョエル・ガーナー」を読むことはできるが、行見出しの「友人」を読むことができなかった。
■音声読み上げ
1. 「電話」　「410-306-1420」
2. 「ジョエル・ガーナー」　「ピッツバーグ」",,,,
2013/1/10,H64-1,○,"■操作手順
Mキーを押してフレーム間を移動した際、「メニュー」と「メインコンテンツ」というフレームタイトルを読み上げた.
■音声読み上げ
「iframe終了　メニュー」
「iframe終了　メインコンテンツ」
「iframe終了　本文へジャンプ画像」",,,,
2013/1/10,H64-2,○,"■操作手順
Mキーを押してiframeに移動した際、「広告」というフレームタイトルを読み上げた。
■音声読み上げ
「広告 iframe」",,,,
2013/1/10,H65-1,○,"■操作手順
Tabキーを押してコンボボックスにフォーカスを移動した際、「検索範囲を選択」もいっしょに読み上げられた。
■音声読み上げ
「検索範囲を選択　コンボボックス　このカテゴリ内　クローズサブメニュー」",,,,
2013/1/10,H65-2,○,"■操作手順
Tabキーを用いてエディットボックスに移動すると、「エディットボックスオートコンプリート」と読まれる前に、市外局番、市内局番、加入者番号と読み上げられた。
■音声読み上げ
「電話番号 グループ」　「市外局番エディットオートコンプリート」　「市内局番エディットオートコンプリート」　「加入者番号エディットオートコンプリート」",,,,
2013/1/10,H65-3,○,"■操作手順
Tabキーを用いてエディットボックスに移動すると、「エディットオートコンプリート」と読まれる前に「検索キーワードを入力」と読み上げられた。
■音声読み上げ
「検索キーワードを入力エディットオートコンプリート」",,,,
2013/1/10,H67,○,"■操作手順
「テスト開始」と読まれた部分で下矢印キーを押したところ、すぐに「テスト終了」と読み上げられた。
■音声読み上げ
「テスト開始　テスト終了」",,,,
2013/1/10,H69,○,"■操作手順
Hキーを用いて次の見出しに移動できた。また、Shift+Hキーを用いることで、見出しを逆順に移動できた。
■音声読み上げ
1. 「検索技術に関する定期刊行物見出しレベル１ 検索見出しレベル２　ご利用可能な雑誌　検索結果見出しレベル２」
2. 1.を逆に移動",,,,
2013/1/10,H70,○,"■操作手順
MキーやShift+Mキーを押すことで別のフレームにフォーカスを移動することができ、各フレームタイトルを読み上げることもできた。
■音声読み上げ
「iframe終了　ナビゲーションバー」
iframe終了　メインコンテンツ」",,,,
2013/1/10,H71-1,○,"■操作手順
Tabキーを押して最初のラジオボタンに移動した際、「ウィリアム・シェイクスピア」と読まれる前に「ハムレット の作者は？ グループ」と読み上げられた。
■音声読み上げ
「ハムレット の作者は？ グループ ウィリアム・シェイクスピア ラジオボタンチェック　１の５」",,,,
2013/1/11,H71-2,×,"■操作手順
Tabキーを用いてチェックボックス間を移動したが、「写真」などの項目は読み上げられるものの、「興味のある項目（当てはまるものはすべてチェック）」が項目の前に読み上げられなかった。
■音声読み上げ
「写真チェックボックスチェックなし　水彩画チェックボックスチェック　水彩画 
水彩画
アクリル画チェックボックスチェック」",,,,
2013/1/11,H71-3,△,"■操作手順
1. Tabキーを用いて最初のラジオボタンに移動したところ、「好きな哲学者は？ グループ」と読んだ後に「ソクラテス」と読み上げた。
2. Tabキーを押して2番目と3番目のラジオボタンに移動したところ、「プラトン」と「アリストテレス」とは読み上げられたものの、「好きな哲学者は？ グループ」という読みは付加されなかった。
■音声読み上げ
1. 「好きな哲学者は？ グループ ソクラテスラジオボタンチェックなし１の３」
2. 「プラトンラジオボタンチェックなし２の３　アリストテレスラジオボタンチェックなし３の３」",,,,
2013/1/11,H71-4,○,"■操作手順
「自宅住所」の宛先フィールドに移動すると「自宅住所 グループ 宛先」と読み上げ、Tabキーを押すと「郵便番号」と読み上げられた。もう一度Tabキーを押すと「送付先住所 グループ あて先」と読み上げ、さらにTabキーを押すと「郵便番号」と読み上げられた。
■音声読み上げ
「自宅住所 グループ あて先　郵便番号　送付先住所 グループ あて先　郵便番号」",,,,
2013/1/11,H73-1,○,"■操作手順
テーブルの先頭にフォーカスを移動させた際、「勝どき駅前から東京駅へ向かうバスの時刻表。時刻表には、勝どき駅前、築地、銀座4丁目の各バス停での発車時刻、および終点の東京駅丸の内南口バス停への到着時刻が示されている。」という内容が読み上げられた。
■音声読み上げ
「テーブル2行4列のテーブル　勝どき駅前から東京駅へ向かうバスの時刻表。時刻表には、勝どき駅前、築地、銀座4丁目の各バス停での発車時刻、および終点の東京駅丸の内南口バス停への到着時刻が示されている。」",,,,
2013/1/11,H73-2,○,"■操作手順
テーブルの先頭にフォーカスを移動させた際、「05番系統　バス時刻表（平日）」という内容が読み上げられた。
■音声読み上げ
「テーブル2行4列のテーブル　05番系統　バス時刻表（平日）",,,,
2013/1/11,H77-1,○,"■操作手順
Tabキーを用いて「こちら」リンクに移動し、NVDA+上矢印キー（アプリケーションカーソルのある現在行の通知）を実行すると「?ウェブアクセシビリティ基盤委員会の詳細はこちら。」と読み上げた。その状態でEnterキーを押すと、ページを遷移させることができた。
■音声読み上げ
?ウェブアクセシビリティ基盤委員会の詳細はこちら。",,,,
2013/1/11,H77-2,○,"■操作手順
Tabキーを用いて「ツーム・レイダー：レジェンドリンクに移動し、NVDA+上矢印キー（アプリケーションカーソルのある現在行の通知）を実行すると「ツーム・レイダー：レジェンド イメージを見る (デモ ダウンロード)」と読み上げた。その状態でEnterキーを押すと、ページを遷移させることができた。
■音声読み上げ
ツーム・レイダー：レジェンド イメージを見る (デモ ダウンロード)",,,,
2013/1/11,H78,○,"■操作手順
Tabキーを用いて「[続きを読む...]」リンクに移動し、NVDA+上矢印キー（アプリケーションカーソルのある現在行の通知）を実行すると「2004年6月に制定された日本工業規格のJIS X 8341-3が改定されました。 [続きを読む...]」と読み上げた。
■音声読み上げ
2004年6月に制定された日本工業規格のJIS X 8341-3が改定されました。 [続きを読む...]",,,,
2013/1/11,H79,○,"■操作手順
Tabキーを用いて最初のリンク項目に移動すると「軽自動車 A社 2列 6,700円」と読み上げる。さらにTabキーを押すと「B社 3列 6,800円」と読み上げ、もう一度Tabキーを押すと「D社4列 7,200円」と読み上げた。
■音声読み上げ
「軽自動車 A社 2列 6,700円」
「B社 3列 6,800円」
「D社 4列 7,200円」
",,,,
2013/1/11,H80-1,○,"■操作手順
Tabキーを用いて「お客様の声」というリンク項目に移動し、Shift+Hキーを押すと「ロイヤルパームホテル」と読み上げた。
■音声読み上げ
ロイヤルパームホテル",,,,
2013/1/11,H80-2,○,"■操作手順
Tabキーを用いて「(RTF)」というリンク項目に移動し、Shift+Hキーを押すと「年次報告書 2010年版」と読み上げた。
■音声読み上げ
年次報告書 2010年版",,,,
2013/1/11,H80-3,○,"■操作手順
Tabキーを用いて「[続きを読む]」というリンク項目に移動し、Shift+Hキーを押すと「約5年半ぶりにJIS X 8341-3が改定」と読み上げた。
■音声読み上げ
約5年半ぶりにJIS X 8341-3が改定",,,,
2013/1/11,H81-1,×,"機能未実装のため検証不可

",,,,
2013/1/11,H81-2,×,"機能未実装のため検証不可

",,,,
2013/1/11,H84-1,○,"■操作手順
1. セレクトメニューで月を選択しても何も実行されず、[表示]ボタンを押下するとリンク先が表示された。
■音声読み上げ
「1月のカレンダー」",,,,
2013/1/11,H84-2,○,"■操作手順
セレクトメニューでオプションを選択しても何も実行されず、[実行]ボタンを押下したときリンク先が表示された。
■音声読み上げ
「りんご」",,,,
2013/1/11,H85-1,×,"■操作手順
コンボボックス内で上下の矢印キーを使って項目間を移動しても、リンゴ、バナナ、モモ、ミカン、ニンジンなどの個別の項目名は読み上げられるものの、フルーツや野菜などのグループ名は読み上げられなかった。
■音声読み上げ
「好きな食べ物はなんですか　コンボボックスクローズサブメニュー　リンゴ」
「好きな食べ物は何ですか　リンゴクローズサブメニュー1の4レベル2　バナナ2の4レベル2　、桃3の4レベル2　ミカン4の4レベル2
にんじん1の3レベル2　キュウリ２の3レベル2　ピーマン3の3レベル2
アップルパイ1の2　チョコレートケーキ2の2」",,,,
,H85-2,？,テスト不可,どの部分が「選択肢をグルーピングしているoptgroup要素のlabel属性値」なのかがわからないため検証できません。,,,
2013/1/11,H86-1,×,"■操作手順
タイトル属性値を読み上げることができなかった。
■音声読み上げ
「()」",,,,
2013/1/11,H86-2,○,"■操作手順
下矢印キーを押して「ASCIIアートをスキップする」というリンクに移動してエンターキーを押すと、アスキーアートをスキップできた。
■音声読み上げ
「ASCIIアートをスキップする」　「テスト終了」",,,,
2013/1/11,H86-3,×,"■操作手順
上下の矢印キーで該当箇所を読み上げると、「Au5t1N r0xx0rz」とだけ読み上げられた。
■音声読み上げ
「Au5t1N r0xx0rz」",,,,
2013/1/11,H91-1a,○,"■操作手順
リンク項目に移動したところ、「リンク富士通」と読み上げられた。
■音声読み上げ
「リンク富士通」",,,,
2013/1/11,H91-1b,○,"■操作手順
リンク項目に移動したところ、「リンク画像富士通」と読み上げられた。
■音声読み上げ
「リンク画像富士通」",,,,
2013/1/11,H91-1c,○,"■操作手順
リンク項目に移動したところ、「富士通画像公式ウェブサイトリンク」と読み上げられた
■音声読み上げ
「富士通画像公式ウェブサイトリンク」",,,,
2013/1/11,H91-2a,○,"■操作手順
ボタンにフォーカスを移動させた際、「ボタン保存」と読み上げられた。
■音声読み上げ
「ボタン保存」",,,,
2013/1/11,H91-2b,○,"■操作手順
各ボタンにフォーカスを移動させた際、それぞれ「ボタン保存」、「ボタン送信」、「ボタンリセット」と読み上げられた
■音声読み上げ
「ボタン保存
ボタン送信
ボタンリセット」",,,,
2013/1/11,H91-2c,○,"■操作手順
ボタンにフォーカスを移動させたところ、「ボタン保存」と読み上げられた。
■音声読み上げ
「ボタン保存」",,,,
2013/1/11,H91-2d,△,"■操作手順
ボタンにフォーカスを移動したところ、タイトル属性地ではなく「img/H91-2d.gif」と読み上げられた。
■音声読み上げ
「img/H91-2d.gifボタン」",,,,
2013/1/11,H91-2e,△,"■操作手順
ボタンにフォーカスを移動させたところ、「ボタン保存」と読み上げられたが、タイトル属性の値は読み上げられなかった。
■音声読み上げ
「ボタン保存」",,,,
2013/1/11,H91-3a,○,"■操作手順
テキストフィールドにフォーカスを移動したところ、「果物の種類エディットオートコンプリートバナナ」と読み上げられた。
■音声読み上げ
「果物の種類エディットオートコンプリートバナナ」",,,,
2013/1/11,H91-3b,○,"■操作手順
テキストフィールドにフォーカスを移動した際、「果物の種類エディットオートコンプリートバナナ」と読み上げられた。
■音声読み上げ
「果物の種類エディットオートコンプリートバナナ」",,,,
2013/1/11,H91-4,○,"■操作手順
1. チェックボックスへ移動した際、チェックボックスであることが確認できた。
2. 「チーズ」というラベルが読み上げられた。
3. スペースキーを使って状態を変更し、変更後の状態を読み上げることができた。
■音声読み上げ
「チーズチェックボックスチェック」",,,,
2013/1/11,H91-5,○,"■操作手順
1. ラジオボタンに移動した際、ラジオボタンであることが読み上げられた。
2. それぞれの選択項目が、「赤」、「青」、「緑」のように読み上げられた。
3. 「赤　ラジオボタンチェック」、「青　ラジオボタンチェックなし」のように、状態を読み上げることができた。また、状態が変更されたことも確認できた。
■音声読み上げ
「赤ラジオボタンチェック　青ラジオボタンチェックなし　緑ラジオボタンチェックなし」",,,,
2013/1/11,H91-6a,○,"■操作手順
セレクトメニューに移動した際、「数字コンボボックスクローズサブメニュー2」と読み上げた。また、フォーカスモードでは上下の矢印キーを使って値を変更できた。
■音声読み上げ
「数字コンボボックスクローズサブメニュー2」",,,,
2013/1/11,H91-6b,○,"■操作手順
セレクトメニューに移動したところ、「数字コンボボックスクローズサブメニュー2」と読み上げた。さらに、フォーカスモードでは矢印キーを使って値を変更できた。
■音声読み上げ
「数字コンボボックスクローズサブメニュー2」",,,,
2013/1/11,H91-7a,○,"■操作手順
テキストフィールドにフォーカスを移動した際、「コメントを入力エディット複数行」と読み上げた。さらに、フィールド内のテキスト、「87年前」が読み上げられた。
■音声読み上げ
「コメントを入力エディット複数行　87年前」",,,,
2013/1/11,H91-7b,○,"■操作手順
テキストフィールドにフォーカスを移動した際、「コメントを入力エディット複数行」と読み上げた。さらに、フィールド内のテキスト、「87年前」が読み上げられた。
■音声読み上げ
「コメントを入力エディット複数行　87年前」",,,,
2013/1/11,H91-8,○,"■操作手順
1. ラジオボタンに移動した際、ラジオボタンであることが確認できた。
2. Tabキーで最初のラジオボタンに移動した際、「色を選択してください グループ」と読み上げた後に色の名前を読み上げた。
3. それぞれのラジオボタンの状態と、それが変化した場合はその状態を読み上げることができた。
4. Focusモード使用中は、ラジオボタンの全体の個数と、現在選択されているラジオボタンが何個目かを読み上げた。
5. Tabキーでラジオボタンに移動した際、最初の項目の前にlegend要素の内容を読み上げた。
■音声読み上げ
「色を選択してください： グループ」 「赤 ラジオボタンチェック １の３」 「青 ラジオボタンチェックなし ２の３」 「緑 ラジオボタンチェックなし ３の３」",,,,
,SCR2,-,,,,,
2013/1/11,SCR16,○,"■操作手順
ダイアログが表示されたことを確認できた。また、OKボタン及びキャンセルボタンも押下できた。
■音声読み上げ
「残り20秒でページを更新します。時間を延長しますか？　OKボタン」",,,,
2013/1/11,SCR18,○,"■操作手順
1. 任意の無効な値を入力して[送信]ボタンを押下したところ、エラーメッセージのダイアログが表示され、ダイアログの内容を読み上げた。
■音声読み上げ
「有効な日付ではありません。入力し直してください。」",,,,
2013/1/15,SCR20-1,○,"■操作手順
Tabキー（またはKキー）でフォーカスを[ダイアログを表示]リンクへ移動させ、Enterキーを押すと、「ダイアログ　JavaScriptは有効です　OKボタン」と読み上げた。
■音声読み上げ
「ダイアログ　JavaScriptは有効です　OKボタン」",,,,
2013/1/15,SCR20-2,×,"■操作手順
Tabキー（またはKキー）でフォーカスを[ダイアログを表示]リンクへ移動させ、Enterキーを押し下げると、「ダイアログ　JavaScriptは有効です　OKボタン」と読み上げた。しかしながら、Enterキーを押し下げた状態にすると、ダイアログが表示されたり閉じたりを繰り返しているように聞こえることから、ダイアログはEnterキーから指を離したときではなく、Enterキーを押した瞬間に表示されているものと考えられる。
■音声読み上げ
「ダイアログ　JavaScriptは有効です　OKボタン」",,,,
2013/1/15,SCR20-3,○,"■操作手順
Tabキー（またはKキー）でフォーカスを[ダイアログを表示]リンクへ移動させ、Enterキーを押すと、「ダイアログ　JavaScriptは有効です　OKボタン」と読み上げた。
■音声読み上げ
「ダイアログ　JavaScriptは有効です　OKボタン」",,,,
2013/1/15,SCR20-4,○,"■操作手順
Tabキー（またはKキー）でフォーカスを[ダイアログを表示]リンクへ移動させ、１０秒ほど待っていると、「ダイアログ　JavaScriptは有効です　OKボタン」と読み上げた。
■音声読み上げ
「ダイアログ　JavaScriptは有効です　OKボタン」",,,,
2013/1/15,SCR20-5,×,"■操作手順
Tabキー（またはKキー）でフォーカスを[ダイアログを表示]リンクへ移動させ、Tabキーを押して次のリンクにフォーカスを移そうとしても、ダイアログが表示されなかった。また、Kキーを押して次のリンクに移動しても同様にダイアログは表示されなかった。
■音声読み上げ",,,,
2013/1/15,SCR21,○,"■操作手順
1. 二つのテキストフィールドに任意の文字列を入力して「送信」ボタンを押下すると、「入力エラーリンク」と読み上げられた。
2. リンクテキストを押下すると、「電話番号を正しく入力してください。」というエラーメッセージが読み上げられた。
3. 「電話番号を正しく入力してください。」のリンクを押下したら、電話番号のテキストフィールドに移動してFocusモードが有効になった。
4. 「FAX番号を正しく入力してください。」リンクを押下したら、Fax番号のテキストフィールドに移動してFocusモードが有効になった。
■音声読み上げ
1. 「入力エラーリンク」
2. 「リスト2項目リンク電話番号を正しく入力してください」
3. 「電話番号エディットオートコンプリート」
4. 「Fax番号エディットオートコンプリート」",「テキストフィールドに任意の値を入力し…」と書かれていますが、両方のフィールドにランダムな数字を入力して送信すると、入力エラーが出ません。それが正ということであれば、そう明示すべきではないでしょうか（「任意の」というのがやや自由すぎるというか、電話番号やFAX番号の入力を求めている割に正しい入力例もなく、どう入力すべきかに迷いが生じ得ます）。,,,
2013/1/15,SCR22,○,"■操作手順
下矢印キーを押して移動した際、「新製品!」と読み上げた。
■音声読み上げ
「新製品!」",,,,
2013/1/15,SCR26,○,"■操作手順
Tabキー（またはKキー）でフォーカスを[展開]リンクへ移動させ、Enterキーを押した後にTabキーを押すと「コンテンツ　リンク」と読み上げた。

",,,,
2013/1/15,SCR28-1,○,"■操作手順
リンク項目「メニュー」にフォーカスを移動し、Enterキーを押して次のリンクに移動したところ、「メインコンテンツのリンクリンク」と読み上げた。また、「メニュー」に戻ってEnterキーを押して移動したところ、「リンク1リンク、リンク2リンク、リンク3リンク、リンク4リンク」と読み上げた後に「メインコンテンツのリンクリンク」と読み上げた。
■音声読み上げ
メニューリンク　メインコンテンツのリンクリンク
メニューリンク　リスト7項目リンク1リンク　リンク2リンク　リンク3リンク　リンク4リンク　リスト終了メインコンテンツのリンクリンク",,,,
2013/1/15,SCR28-2,○,"■操作手順
リンク項目「目次の表示 / 非表示」を押下した後Tabキーを押すと、「セクション1のリンクリンク」と読み上げられた。また、「目次の表示 / 非表示」を押下してリンク項目を表示させたところ、Tabキーを押すと「リスト4項目セクション1リンク　セクション2リンク　セクション3リンク　セクション4リンク」と読み上げた後に「リスト終了セクション1のリンクリンク」と読み上げた。
■音声読み上げ
「目次の表示 / 非表示　セクション1のリンクリンク
目次の表示 / 非表示　リスト4項目セクション1リンク　セクション2リンク　セクション3リンク　セクション4リンク　リスト終了セクション1のリンクリンク」",,,,
2013/1/15,SCR30,○,"■操作手順
「リンクリンクラベルを拡張する」というリンクを押下して次のリンクに移動したところ、リンク項目が拡張された状態で「Word版Webの歴史」と読み上げられた。
■音声読み上げ
「リンクリンクラベルを拡張する　Word版 ウェブの歴史リンク」",,,,
2013/1/15,SCR32,○,"■操作手順
[データ入力]見出し内の必須項目を空欄にしたまま「送信」ボタンを押下すると、「2つの入力項目に入力エラーがあります。」と、「次の入力項目を正しく入力してください。」で始まる該当項目のリストが表示された。
2. 同時に「2つの入力項目に入力エラーがあります。　リンク」と読み上げられた。
3. Tabキーを押すとリストに移動し、上下の矢印キーを押すことで内容を読み上げた。
4. たとえば「2. 自己評価　必須」と読まれるリンク項目を押下すると、該当項目のテキストフィールドに移動し、「自己評価　必須エディットオートコンプリート」と読み上げた。
■音声読み上げ
「2つの入力項目に入力エラーがあります。　リンク
1. 提案 [必須]　リンク
2. 自己評価 [必須]　リンク
自己評価　必須エディットオートコンプリート」",,,,
2013/1/15,SCR33,○,"■操作手順
下矢印キーを押して移動した際、「このテキストはスクロールします。JavaScript及びCSSがサポートされていて、どちらも有効な場合は、一時停止/スクロールのリンクが表示されます。」を読み上げた。
■音声読み上げ
「このテキストはスクロールします。JavaScript及びCSSがサポートされていて、どちらも有効な場合は、一時停止/スクロールのリンクが表示されます。」",,,,
,SCR35-1,-,テスト不要,,,,
,SCR35-2,-,テスト不要,,,,
,SCR35-4,-,テスト不要,,,,
,SCR35-5,-,テスト不要,,,,
,SCR35-6,-,テスト不要,,,,
2013/1/15,SCR36,○,"■操作手順
表示されたテストページ及び「テキストをすべて表示ボタン」を押して表示されたページの内容を読み上げることができた。
■音声読み上げ
「Webというのは、従来の新聞・雑誌などの紙の印刷物、テレビ、ラジオといったメディアと比較しても、無限の可能性を秘めていることは皆さんも日頃から感じていることでしょう。そして、それは高齢者や障害者などのユーザーの立場からも同じことが言えるのです。
例えば、新聞や雑誌などの紙の印刷物の文字サイズを考えてみましょう。印刷された文字の大きさは、それを読むユーザーが変えることはできません。しかし、Webコンテンツの場合はもしユーザーが文字サイズが小さくて読みづらいと感じれば、ブラウザの設定を変更して文字サイズを大きくすることができます。そして、パソコンの画面解像度やブラウザのウィンドウサイズも変更することができるなど、ユーザーの好みに応じてその閲覧環境を自分好みにカスタマイズできるのです。紙の印刷物と同じように文字の大きさやレイアウト幅を固定してしまうWebデザインは、こういったユーザーのメリットを奪っているということも言えます。
また、高齢者や障害を持っているユーザーにとっては、さらに大きなメリットがあるのがWebなのです。例えば、新聞や雑誌のページをめくることができない人は誰かにページをめくってもらったり、紙に印刷された文字を読むことができない人は誰かに文字を読んでもらったりしないと、そこにある情報を入手することはできません。また、音声を聞くことができない人は、テレビやラジオが音声で伝えている情報を得ることができません。しかし、Webコンテンツはそういった人たちも誰の助けを借りることなく、自分の好きなときに好きなだけ一人で情報を得ることができるのです。例えば、外出がしづらい人も自宅でショッピングを思いのままに楽しむことができます。」",,,,
2013/1/15,SCR37,○,"■操作手順
Tabキー（またはBキー）でフォーカスを[オプション]ボタンへ移動させ、Enterキーを押してもダイアログの内容は読み上げられないが、オプション項目は表示された。その後に[OK]または[キャンセル]ボタンをEnterキーで押したところ、ダイアログを閉じることができた（とくに、音声によるフィードバックはなかった）。",,,,
,,,,,,,
,この作品は、クリエイティブ・コモンズ・ライセンスの下でライセンスされています,,,,,,
,,,,,,,
,,,利用許諾条件（表示 - 継承 2.1 日本）の確認 ,,,,
,,,,,,,
,原著作者：株式会社ミツエーリンクス,,,,,,
,作成者：ウェブアクセシビリティ基盤委員会　実装ワーキンググループ（WG2）,,,,,,
,作成日： 2010年8月20日,,,,,,
