,FocusTalk V3　アクセシビリティサポーテッド検証結果 [等級A]  2012年4月版,,,,,記号の説明,,,,,,
,＊ この検証結果は、ウェブアクセシビリティ基盤委員会 実装ワーキンググループ（WG2）が提供する参考情報であり、予告なく変更されることがあります。,,,,,○,サポートあり,,,,,
,＊ この情報をご利用になる前に、ライセンス（利用許諾条項）と免責事項を必ずご確認ください。,,,,,△,一部サポート,,,,,
,＊最新版は、ウェブアクセシビリティ基盤委員会のサイトでご確認ください（http://waic.jp/docs/jis2010/as.html）。,,,,,×,サポートなし,,,,,
,,,,,,？,判定できず,,,,,
,,,,,,-,テスト不要（N/A）,,,,,
,,,,,,,,,,,,
,"Windows 7(32bit) , IE8 , FocusTalk V3",,,,,,,,,,,
,"テストファイル
No.","検証結果
○/△/×/?/-",操作手順・音声読み上げログ,備考,,,,,,,,
,C006,○,"■操作手順
1行読みモードで、「野菜 きゅうり なす 大根 果物 りんご みかん」と棒読みし、定義リストとしては、読み上げられなかった。
■音声読み上げ
「野菜 きゅうり なす 大根 果物 りんご みかん」
",,,,,,,,,
,C007,○,"■操作手順
ワシントンは、経済成長を促すためのプランを発表しました」の後に「ワシントンによる経済成長促進プランの全文」と読み上げる。全文読みでもTab移動でも同等の結果になる
■音声読み上げ
ワシントンは、経済成長を促すためのプランを発表しました」の後に「ワシントンによる経済成長促進プランの全文」",,,,,,,,,
,C008,○,"■操作手順
「東京都」と読み上げた。
■音声読み上げ
「トウキョウト」",,,,,,,,,
,C009-1,ー,テスト不要,,,,,,,,,
,C009-2,○,"■操作手順
Tabでフォーカスを移動させると、「経済産業省、未訪問のリンク」と読み上げた。
■音声読み上げ
「経済産業省、未訪問のリンク」",,,,,,,,,
,C009-3,−,テスト不要,,,,,,,,,
,G001-1,○,"■操作手順
1.「メインコンテンツへスキップ」でEnterを押下し、右矢印キーを押下すると、「プレスリリース」から読み上げる
2.その後にTabを押すと「PCサーバPRIMERGY」のリンクを読み上げる
■音声読み上げ
「メインコンテンツへスキップ　プレスリリース」
「PCサーバ「PRIMERGY」」",右矢印キーを押下、またはtabを押下した後の動作は、テスト方法通りであるが、スキップリンクでEnterを押下した後に、「罫線」の不要なものを読み上げる。,,,,,,,,
,G001-2,○,"■操作手順
1.「メインコンテンツへスキップ」でEnterを押下し、右矢印キーを押下すると、「プレスリリース」から読み上げる
2.その後にTabを押すと「PCサーバPRIMERGY」のリンクを読み上げる
■音声読み上げ
「メインコンテンツへスキップ　プレスリリース」
「PCサーバ「PRIMERGY」」",右矢印キーを押下、またはtabを押下した後の動作は、テスト方法通りであるが、スキップリンクでEnterを押下した後に、「罫線」の不要なものを読み上げる。,,,,,,,,
,G014-1,○,"■操作手順
通常読み上げモードだと、連続的に読むため、セルの区切りが意識できないが、
テーブル読み上げモードで→で進めてゆくと「9:00〜9：30セッション1テラ1」をひとつの単位として読み上げる。
■音声読み上げ
「9:00〜9：30セッション1テラ1」","「T１」を「テラ１」と読み上げる。
「10：00〜」を「じゅうじーー」と読み上げる。",,,,,,,,
,G014-2,○,"■操作手順
「セッション1」「トラック」「1」、「セッション5」「トラック」「2」と読み上げる。
■音声読み上げ
「09：00から9：30　セッション１　トラック１」",,,,,,,,,
,G014-3,○,"■操作手順
「お問合せ件名　必須」、「お名前　必須」とそれぞれ読み上げているので伝達できている。
■音声読み上げ
「お問合せ件名　必須」、「お名前　必須」",,,,,,,,,
,G014-4,○,"■操作手順
「送信のボタン」、「取消のボタン」とそれぞれ読み上げた。
■音声読み上げ
「送信のボタン」、「取消のボタン」",,,,,,,,,
,G021,○,"■操作手順
Tabを押してゆくと「HTMLのリンク1」→「富士通トップページへ」→「HTMLのリンク2」に移動する。
■音声読み上げ
「HTMLのリンク1　富士通トップページへ　HTMLのリンク2」",,,,,,,,,
,G053,×,リンク「ここをクリック」にフォーカスを移動させた状態で、↑キーを操作すると、「ウェブアクセシビリティ基盤委員会の詳細は」を読み上げるが、Enterキーを押下してもリンク先に遷移しない。,,,,,,,,,
,G088-1,○,"■操作手順
１．ページに遷移すると、ページ全文読みモードではページタイトルは読み上げず、すぐにコンテンツを読み上げた。
２．Ctrl+Alt+A　を押すとアクティブなタブのページタイトルを読み上げる。
■音声読み上げ
１．「自己適合宣言　JIS X 8341-3では、自己適合宣言を行うことができます。」
２．「「自己適合宣言｜ウェブアクセシビリティ基盤委員会」が読み上げられた。",,,,,,,,,
,G090-1,-,テスト不要,,,,,,,,,
,G090-2,-,テスト不要,,,,,,,,,
,G090-3,-,テスト不要,,,,,,,,,
,G090-4,-,テスト不要,,,,,,,,,
,G090-5,-,テスト不要,,,,,,,,,
,G091,○,"■操作手順
「東京駅構内の最新のルート」にフォーカスを移動させると、「東京駅構内の最新のルート、未訪問のリンク」と読み上げ、[Enter]を押すと、リンク先のページに遷移した。
■音声読み上げ
「東京駅構内の最新のルート、未訪問のリンク」
",,,,,,,,,
,G096-1,○,"■操作手順
「↓」キーを押していくと、「次へ進むには、円い ""go"" ボタンを押してください。　ゴーのボタン」と読み上げた。
■音声読み上げ
「次へ進むには、エンい ""go"" ボタンを押してください。　ゴーのボタン」",,,,,,,,,
,G096-2,○,"■操作手順
↓で進めてゆくと「利用可能な番号」「234-5678-90」「2345-6789-01」と一つずつ読み上げる、かつリストで作成されているため、各リスト項目の最後に例えば「リスト項目　四分の一」と読み上げるので、番号と何項目中の何項目目を確認することができる。
■読み上げ
「下にある「利用可能な番号」の一覧の中から希望する番号を選んでください。
利用可能な番号　1234-5678-90 2345-6789-01　3456-7890-12　4567-8901-23 」",,,,,,,,,
,G096-3,○,"■操作手順
↓で進めてゆくと「右下のプレビューボタンを押してください」「印刷」「キャンセル」「OK」「プレビュー」と一つずつと読み上げるので、確認することができる
■音声読み上げ
「右下のプレビューボタンを押してください　印刷　キャンセル　OK　プレビュー」",,,,,,,,,
,G107,○,"■操作手順
Tabでフォーカスを当てると「用語解説 新しいウィンドウで表示」と読み上げるが、ジャンプはしなく、Enterを押すと新しいウィンドウが開く
■読み上げ
「用語解説 新しいウィンドウで表示」",,,,,,,,,
,G108,○,"■操作手順
1.Tabでフォーカスを当てると「検索キーワードを入力のエディット」と読み上げる。
2.検索ボタンにフォーカスを当てると「検索のボタン」と読み上げる。
■音声読み上げ
「検索キーワードを入力のエディット」
「検索のボタン」",,,,,,,,,
,G115-1,○,"■操作手順
「新しいツールを試しますか？無料のデモ版は」（女性の声）「ダウンロードページ」（男性の声）「から入手可能です。」（女性の声）でリンクであることを認識できる。
■音声読み上げ
「新しいツールを試しますか？無料のデモ版は」（女性の声）「ダウンロードページ」（男性の声）「から入手可能です。」（女性の声）",,,,,,,,,
,G115-2,×,"■操作手順
「夏目漱石の小説」「我輩は猫である」「は、彼の視点から描かれている」と同じ声で読み上げる、「我輩は猫である。名前はまだない…」の引用部分も同じ読み上げ方をするので、引用であることが分かるように読み上げない。
■音声読み上げ
「夏目漱石の小説「吾輩は猫である」は、猫の視点から描かれている。書き出しはこうだ。吾輩は猫である。名前はまだ無い。・・・・」",引用であることを分かるように読み上げない,,,,,,,,
,G115-3,○,"■操作手順
「エンジンを始動する前に、ギアがニュートラルにあることを確認してください。 強調 次にキーをまわして点火します。エンジンが始動するはずです。」と強調箇所の後に「強調」と読み上げ、強調していることが分かる。
■音声読み上げ
「エンジンを始動する前に、ギアがニュートラルにあることを確認してください。 強調 次にキーをまわして点火します。エンジンが始動するはずです。」","左記は、一文ずつ読み上げた結果。
全文読みで読み上げた場合、「ギアがニュートラルにあることを確認してください。」の後に「強調」とは発声されない。",,,,,,,,
,G115-4,△,"■操作手順
「彼女が本当に 強調 言いたかったのは、""これは良いどころではなく、むしろ素晴らしい 強調 ""ということだった」と強調箇所の後に「強調」と読み上げ、強調していることが分かる。
■音声読み上げ
「彼女が本当に 強調 言いたかったのは、""これは良いどころではなく、むしろ素晴らしい 強調 ""ということだった」","左記は、一文ずつ読み上げた結果。
全文読みで読み上げた場合、「本当に」や「素晴らしい」の後に「強調」とは発声されない。",,,,,,,,
,G115-5,○,"■操作手順
「そのプレー対する痛烈な 強調 批評は、少々厳しすぎるように思われました」と強調箇所の後に「強調」と読み上げ、強調していることが分かる。
■音声読み上げ
「そのプレー対する痛烈な 強調 批評は、少々厳しすぎるように思われました」","左記は、一文ずつ読み上げた結果。
全文読みで読み上げた場合、「痛烈な」の後に「強調」とは発声されない。",,,,,,,,
,G117,○,"■操作手順
太字、斜体、アンダーライン、取り消し線はそのまま読み上げるが、「製品B新製品」「製品B特価品」「製品B注目商品」「製品B生産中止」と分かるように読み上げる
■音声読み上げ
「1.太字は新製品です。製品 A　製品 B（新製品）　製品 C　2.斜体は特価品です。」","左記は全文読みで読み上げた場合。
一文ずつ読み上げると、取り消し線のある製品Bの場合のみ、「製品B リスト項目 3分の2 取り消し線」と読み上げる。",,,,,,,,
,G122,○,"■操作手順
「必須」と読み上げているので伝達できている。
■音声読み上げ
「お名前　必須」",,,,,,,,,
,G123-4a,△,"■操作手順
1.「メインナビゲーションをスキップ」でEnterを押すと「リンク C」と読み上げる。Tabを押すと「サブ ナビゲーションをスキップ」にフォーカスが移動してゆく
2.「サブ ナビゲーションをスキップ」でEnterを押すと読み上げが停止する。Tabを押すと「ウルトラ サブ ナビゲーションをスキップ」にフォーカスが移動してゆく
3.「ウルトラサブナビゲーションをスキップ」でEnterを押すと読み上げが停止する。Tabを押すと「アクセシビリティ」にフォーカスが移動してゆく
■音声読み上げ
「メインナビゲーションをスキップ、サブナビゲーション　（tab）リンクA」
「サブナビゲーションをスキップ、ウルトラサブナビゲーション、リンクA」","1：△
tabを押下した後の動作は、テスト方法通りであるが、スキップリンクでEnterを押下した後に、一つ手前の「リンクC」と不要なものを読み上げる。

リンクを押下（Enter）した後、読み上げを待たずにTabを押して検証すると正当な動きはする
2：○
3：○",,,,,,,,
,G123-4b,△,"■操作手順
1.「メインナビゲーションをスキップ」でEnterを押すと「リンク C」と読み上げる。Tabを押すと「サブ ナビゲーションをスキップ」にフォーカスが移動してゆく
2.「サブ ナビゲーションをスキップ」でEnterを押すと読み上げが停止する。Tabを押すと「ウルトラ サブ ナビゲーションをスキップ」にフォーカスが移動してゆく
3.「ウルトラサブナビゲーションをスキップ」でEnterを押すと読み上げが停止する。Tabを押すと「アクセシビリティ」にフォーカスが移動してゆく
■音声読み上げ
「メインナビゲーションをスキップ、サブナビゲーション　（tab）リンクA」
「サブナビゲーションをスキップ、ウルトラサブナビゲーション、リンクA」","1：△
tabを押下した後の動作は、テスト方法通りであるが、スキップリンクでEnterを押下した後に、一つ手前の「リンクC」と不要なものを読み上げる。

リンクを押下（Enter）した後、読み上げを待たずにTabを押して検証すると正当な動きはする
2：○
3：○",,,,,,,,
,G124-1,○,"■操作手順
1.「メインコンテンツへスキップ」でEnterを押すと「サイトマップ」と読み上げる。Tabを押すと、「メインコンテンツにあるリンク」と読み上げる。
2.「検索ボックスへスキップ」でEnterを押すと「メインメニューへスキップ」と読み上げる。Tabを押すと、「検索のエディット」と読み上げる。
3.「ナビゲーションバーへスキップ」でEnterを押すと「送信のボタン」と読み上げる。Tabを押すと、「このサイトについて」と読み上げる。
■読み上げ
「メインコンテンツへスキップ（enter）サイトマップ（すぐtab）メインコンテンツにあるリンク」
「検索ボックスへスキップ（enter）メインメニューへスキップ（すぐtab）検索のエディット」
「ナビゲーションバーへスキップ（enter）送信のボタン（すぐtab）このサイトについて」","1：○
2：○
3：○

tabを押下した後の動作は、テスト方法通りであるが、スキップリンクでEnterを押下した後に、送信ボタン等の不要なものを読み上げる。

リンクを押下（Enter）した後、読み上げを待たずにTabを押して検証すると正当な動きはする",,,,,,,,
,G124-2,○,"■操作手順
1.「メインコンテンツへスキップ」でEnterを押すと「サイトマップ」と読み上げる。Tabを押すと、「メインコンテンツにあるリンク」と読み上げる。
2.「検索ボックスへスキップ」でEnterを押すと「メインメニューへスキップ」と読み上げる。Tabを押すと、「検索のエディット」と読み上げる。
3.「ナビゲーションバーへスキップ」でEnterを押すと「送信のボタン」と読み上げる。Tabを押すと、「このサイトについて」と読み上げる。
■読み上げ
「メインコンテンツへスキップ（enter）サイトマップ（すぐtab）メインコンテンツにあるリンク」
「検索ボックスへスキップ（enter）メインメニューへスキップ（すぐtab）検索のエディット」
「ナビゲーションバーへスキップ（enter）送信のボタン（すぐtab）このサイトについて」","1：○
2：○
3：○

tabを押下した後の動作は、テスト方法通りであるが、スキップリンクでEnterを押下した後に、送信ボタン等の不要なものを読み上げる。

リンクを押下（Enter）した後、読み上げを待たずにTabを押して検証すると正当な動きはする",,,,,,,,
,G138,△,"■操作手順
1.「件名　空きカギカッコ 必須 閉じカギカッコ コロンのエディット」、「お勤め先のエディット」、「エディット」、「送信のボタン」と読み上げる。
2.[必須]は普通に読み上げて強調であることは分からない
■音声読み上げ
「件名　空きカギカッコ 必須 閉じカギカッコ コロンのエディット　お勤め先のエディット　エディット　送信のボタン」","1：×
　・空きカギカッコ、閉じカギカッコは発声する場合もあるが、発声しない場合もある。どのような操作によりそれらが変わるのかは、不明。（FocusTalkの設定は常に初期値の状態）
　・「お名前[必須]」のエディットボックスのラベルが、「お勤め先」と読み上げられる。また「お勤め先」のエディットボックスのラベルは読み上げられない。
2：×
",,,,,,,,
,G187,-,テスト不要,,,,,,,,,
,G196-1,○,"■操作手順
ページ全文読みモードで「5つ星（せい）中、星3個」と読み上げた。他の画像は読み上げられなかった。
■音声読み上げ
「イツツセイチュウ、星3個」",,,,,,,,,
,G196-2,○,"■操作手順
「対応レベル」「A」「AA」「AAA」と読み上げる。
■音声読み上げ
「対応レベル　エー　エーエー　エーエーエー」",,,,,,,,,
,H002-1,○,"■操作手順
フォーカスが移動すると、「富士通公開サイト、未訪問のリンク」と読み上げられた。
■音声読み上げ
「富士通公開サイト、未訪問のリンク」",,,,,,,,,
,H002-2,×,"■操作手順
Tabを押してリンクにフォーカスを合わせると「公式サイト」と読み上げる
■音声読み上げ
「公式サイト」",,,,,,,,,
,H004-1,×,"■操作手順
「夫の姓のエディット」、「妻の姓のエディット」、「夫の名のエディット」、「妻の名のエディット」、「夫の出身地のエディット」、「妻の出身地のエディット」と読み上げる
■音声読み上げ
「夫の姓のエディット　妻の姓のエディット　夫の名のエディット　妻の名のエディット 夫の出身地のエディット　妻の出身地のエディット」",,,,,,,,,
,H004-2,○,"■操作手順
Tabキーで移動すると、テキストフィールド、検索ボタン、携帯サイト、サイトマップの　順でフォーカスが移動する。
■音声よみあげ
「サイトマップのエディット　検索のボタン　携帯サイト　サイトマップ」","FocusTalkの「キー操作モード」がオフの場合。
　「キー操作モード」がオンの場合は、携帯サイト、サイトマップ、テキストフィールド、　検索ボタンの順でフォーカスが移動する。",,,,,,,,
,H004-3a,○,"■操作手順
Tabで進めてゆくと「リンク1」「リンク3」「リンク2」「リンク4」へと移動してゆく
■読み上げ
「リンク1　リンク3　リンク2　リンク4」",FocusTalk専用のキー操作モードの場合「リンク1」「リンク2」「リンク3」「リンク4」へと移動してゆく,,,,,,,,
,H004-3b,○,"■操作手順
Tabで進めてゆくと左から順番に「リンク1」「リンク2」「リンク21」「リンク3」「リンク20」へと移動してゆく
■読み上げ
「リンク1　リンク2　リンク21　リンク3　リンク20」",,,,,,,,,
,H024,○,"■操作手順
Tabキーでフォーカスを移動させると、順に「S棟（ソリューション棟）、未訪問のリンク」、「O棟（オフィス棟）未訪問のリンク」、「C棟（共通棟）、未訪問のリンク」と読み上げた。
■音声読み上げ
「S棟（ソリューション棟）、未訪問のリンク」、「O棟（オフィス棟）未訪問のリンク」、「C棟（共通棟）、未訪問のリンク」
",,,,,,,,,
,H025,○,"■操作手順
１．本テスト対象のコードは別ファイルになっています。を「Enter」キーで選択し、ページが遷移するが、ページ全文読みモードでは何も読み上げられなかった。
２．Ctrl+Alt+Aで、ウィンドウタイトルバーの読み上げモードにすると、「アクティブウィンドウ ワールドワイドウェブコンソーシアム - Windows Internet Explorer」と読み上げられた。
■音声読み上げ
１．「ピリオド　ピリオド・・・」
２．「アクティブウィンドウ ワールドワイドウェブコンソーシアム - Windows Internet Explorer」


",,,,,,,,,
,H030-1,○,"■操作手順
Tabキーでフォーカスを当てると、「首相官邸ホームページ 。未訪問のリンク」と読み上げられた。
■音声読み上げ
「首相官邸ホームページ 。未訪問のリンク」",,,,,,,,,
,H030-2,○,"■操作手順
画像リンクにフォーカスが移動すると、「東京駅構内の最新のルート」と読み上げられた。
■音声読み上げ
「東京駅構内の最新のルート、未訪問のリンク」",,,,,,,,,
,H030-3,○,"■操作手順
画像リンクにフォーカスが移動すると、「東京駅構内の最新のルート、未訪問のリンク」と読み上げられた。
■音声読み上げ
「東京駅構内の最新のルート、未訪問のリンク」",,,,,,,,,
,H030-4,○,"■操作手順
Tabキーでフォーカスを当てると、「首相官邸ホームページ  未訪問のリンク」と読み上げられた。
■音声読み上げ
「首相官邸ホームページ  未訪問のリンク」",,,,,,,,,
,H030-5,×,"■操作手順
リンクにフォーカスが移動すると、「施設ご利用の手引き、未訪問のリンク」と読み上げたが、「PDFファイル」は読み上げられなかった。
■音声読み上げ
「施設ご利用の手引き、未訪問のリンク」",,,,,,,,,
,H032-1,○,"■操作手順
[申し込む]ボタンを押下し、フォームのアクション処理を確認した。
■音声読み上げ
「シンし込むのボタン」",,,,,,,,,
,H032-2,○,"■操作手順
セレクトメニューで選択肢を選んだだけでは何も起こらず、[選択したページへ移動する]ボタンを押下すると選択したページへリダイレクトされた。",,,,,,,,,
,H033-1,×,"■操作手順
Tabキーでフォーカスを移動させると、「富士通株式会社の公式サイト 未訪問のリンク」と読み上げた。テキスト「富士通」は読み上げられなかった。Title属性による補足説明があることは説明されない。
■音声読み上げ
「富士通株式会社の公式サイト 未訪問のリンク」
",,,,,,,,,
,H033-2,×,"■操作手順
「新しいウィンドウで開く」と読み上げ、リンクの文字列「富士通 公開サイト」について読み上げは行わない
■音声読み上げ
「新しいウィンドウで開く」","キー操作モードがONの場合、FocusTalkはページの内容は読み上げない。矢印キーで左、上矢印キーを押下すると「ページの先頭です」と読み上げ、下、右矢印キーを押下しても「ページの終端です」と読み上げ、ページの内容を読み上げない。
左記はキー操作モードをOFF(ブラウザ操作)に変更し、Tabキーで「富士通 公開サイト」にフォーカスを移動した結果を記載している。",,,,,,,,
,H035,○,"■操作手順
ページに遷移すると、「三目並べゲーム(applet要素のボディ)」と読み上げられた。
■音声読み上げ
「三目並べゲーム(applet要素のボディ)」",,,,,,,,,
,H036,○,"■操作手順
ボタンにフォーカスを移動させると、「送信のボタン」と読み上げた。
■音声読み上げ
「送信のボタン」",,,,,,,,,
,H037-1,○,"■操作手順
リンク画像にフォーカスを移動させると、「東京駅構内図を見る、未訪問のリンク」と読み上げた。
■音声読み上げ
「東京駅構内図を見る、未訪問のリンク」
",,,,,,,,,
,H037-2,○,"■操作手順
イメージマップ画像にフォーカスが移動すると、「デパートのフロアガイド。各階について詳しくお知りになりたい場合は各階をクリックしてください。、未訪問のリンク」と読み上げられた。
■音声読み上げ
「デパートのフロアガイド。各階について詳しくお知りになりたい場合は各階をクリックしてください。、未訪問のリンク」
",,,,,,,,,
,H039,○,"■操作手順
・↓で1行ずつ読み上げさせると、「3月6日の週の予定 テーブルタイトル」と読み上げテーブルのタイトルであることがわかる。
・ページ全文読みモードでは、「3月6日の週の予定」とのみ読み上げ、表題であることはわからない。
■音声読み上げ
・「3月6日の週の予定 テーブルタイトル」
・「3月6日の週の予定」",,,,,,,,,
,H042,○,"■操作手順
「↓」キーを押して読み上げさせると「サイト内ナビゲーション  みだし2」、「本日の株式市場  みだし1」、「関連リンク　みだし２」と読み上げられた。
■音声読み上げ
「サイト内ナビゲーション  みだし2」、「本日の株式市場  みだし1」、「関連リンク　みだし２」",,,,,,,,,
,H043,×,"■操作手順
Ctrl＋Tてテーブル読み上げモードにするが、見出しを読み上げない
■音声読み上げ
「R３C2　５％」",,,,,,,,,
,H044-1,○,"■操作手順
テキストフィールドにTabキーでフォーカスを移動すると「お名前のエディット」と読み上げる。
■音声読み上げ
「お名前のエディット」
",キーフォーカスの視覚表現が、エディットに当たったときに消える,,,,,,,,
,H044-2,○,"■操作手順
チェックボックスにTabキーでフォーカスを移動すると「ＨＴＭＬのチェックボックス　チェック」と読み上げる。
■音声読み上げ
「ＨＴＭＬのチェックボックス　チェック」",,,,,,,,,
,H044-3,○,"■操作手順
Taｂキーでラジオボタンを移動させると、それぞれ、「チョコレートタイプのラジオボタン チェックなし」、「クリームたっぷりタイプのラジオボタン チェックなし」、「はちみつがけタイプのラジオボタン チェックなし」と読み上げられた。
■音声読み上げ
「チョコレートタイプのラジオボタン チェックなし」、「クリームたっぷりタイプのラジオボタン チェックなし」、「はちみつがけタイプのラジオボタン チェックなし」
",,,,,,,,,
,H045,×,"■操作手順
1行読みモードで、画像に入ると、「画像  会員数の遷移グラフ」とaltを読み上げるが、longdescへのリンクは提示されない。
■音声読み上げ
「画像  会員数の遷移グラフ」",,,,,,,,,
,H048-1,△,"■操作手順
１.ページ全文読みモード、およびウィンドウの切り替えをしない1行読みモードでは、数字はなしで「ボウルにたまごと牛乳を入れ、混ぜます。　塩とコショウを加えます。」と読み上げる。
２．1行読みモードにして、ウィンドウを切り替えて、再度テストファイルを読み上げさせると、「ボウルにたまごと牛乳を入れ、混ぜます。  リスト項目 2ぶんの1　塩とコショウを加えます。  リスト項目 2ぶんの2」と読み上げられた。
■音声読み上げ
１．「ボウルにたまごと牛乳を入れ、混ぜます。　塩とコショウを加えます。」
２．ウィンドウを切り替えた場合：「ボウルにたまごと牛乳を入れ、混ぜます。  リスト項目 2ぶんの1　塩とコショウを加えます。  リスト項目 2ぶんの2」",,,,,,,,,
,H048-2,△,"■操作手順
１．ページ全文読みモードでは、特に項目数は読み上げなかった。
２．1行読みでは、ページに遷移してそのまま↓を押すと、「牛乳」「卵」「バター」と読み上げる。　エクセルなど他のウィンドウをアクティブにした後、テストファイルに戻ると↓ごとに、「牛乳  リスト項目 3ぶんの1」「卵  リスト項目 3ぶんの2　」「バター　 リスト項目 3ぶんの3」と読み上げた。
■音声読み上げ
「牛乳　卵　バター」",,,,,,,,,
,H048-3,×,"■操作手順
単に表記どおり「点滅　一秒間に3〜5回点いたり消えたりすること。」と読み上げる。（全文、行読みともに）
■音声読み上げ
「点滅　一秒間に3〜5回点いたり消えたりすること。」",,,,,,,,,
,H049-1,△,"■操作手順
１．ページ全文読みモードでは、特に強調した読み方はしていない。
２．1行読みでは、em、strongでマークアップした箇所の手前で読み上げが止まり、更に↓を押すと、マークアップしたテキストに”強調”という読み上げが加わる。
■音声読み上げ
１．「彼女が本当に言いたかったのは、""これは良いどころではなく、むしろ素晴らしい""ということだった」
２．「...彼女が」「本当に 強調」「言いたかったのは、""これは良いどころではなく、むしろ」「素晴らしい 強調...」「""ということだった！...」",・em、strongともに「強調」と同じトーンで読み上げられるため、区別はつかない。,,,,,,,,
,H049-2,×,"■操作手順
cite、blockquoteともに、特に引用がわかる読み方はしていない。
■音声読み上げ
「次の文章は、ヘレンケラーのわが人生の物語からの引用です。
ここが引用されているブロックです。ここが引用されているブロックです。ここが引用されているブロックです。ここが引用されているブロックです。ここが引用されているブロックです。ここが引用されているブロックです。」",,,,,,,,,
,H049-3,×,"■操作手順
引用を示す読み上げはしていない。1行読みモードで「↓」キーを押していくと、「トジダブルクオーテーション」と読み上げたが、テキストの「”」を読み上げたもの。
■音声読み上げ
「ヘレン・ケラーは言いました、トジダブルクオーテーション　自己憐憫は私たちの最悪の敵です。もし、それに自らを委ねるなら、 私たちは世の中で決して賢明なことができないでしょう。トジダブルクオーテーション」",,,,,,,,,
,H049-4,△,"■操作手順
1. ""Zn2+""が「ゼット エヌ ニ プラス」と読み上げた。
2. ""H2O""が「エイチ ツー オー」と読み上げなかった。
■音声読み上げ
「Zn（ゼット エヌ） 2（ニ） +（プラス）」
「H2O（エイチ ニ オー）」","1：○
2：×
左記は全文読みで読み上げた場合。
一文ずつ読み上げると、下記のように読み上げる。
「Zn（ゼット エヌ） 2+（ニ プラス）上付き」
「H（エイチ） 2（ニ）下付き O（オー）」",,,,,,,,
,H050-1,×,"■操作手順
1度ウィンドウを切り替えると、
１．１行読みモードの↓を押していくと、「キッチン、未訪問のリンク　リスト項目 5ぶんの1」とリストとしてマークアップされていることが示される。（ただし、読み上げられる場合と読み上げられない場合がある。H50を開いてそのままでは、リスト項目は読み上げられない。）
２．Shift+Alt+↓／↑で異なる属性項目にジャンプできる。これにより、リストの１項目目の次にShift+Alt+↓を押すと、「検索機能・・・」のテキストに移動できる。

■音声読み上げ
１．「製品カテゴリ」「キッチン、未訪問のリンク　リスト項目 5ぶんの1」「ベッドルーム・浴室、未訪問のリンク　リスト項目 5ぶんの2」「ダイニング、未訪問のリンク　リスト項目 5ぶんの3」「照明、未訪問のリンク　リスト項目 5ぶんの4」「収納、未訪問のリンク　リスト項目 5ぶんの5」」「検索機能もご利用いただけます。」
２．「キッチン、未訪問のリンク」「検索機能もご利用いただけます。」
",,,,,,,,,
,H050-2,×,"■操作手順
１．「メインメニュー」は読み上げない。
２．「ホーム」でShift+Alt+↓ｊを押すと、検索との間の　][　に移動する。
　　リンクをブロックとして読み飛ばすことはできない。
■音声読み上げ
「ホーム、未訪問のリンク」「無音（] [ ）」「検索、未訪問のリンク」「無音（] [ ）」「更新情報、未訪問のリンク」「無音（] [ ）」「サイトマップ、未訪問のリンク」",,,,,,,,,
,H051,×,"■操作手順
１．読み上げがテーブル内に入ったときに、Ctr+Tでテーブル読み上げ機能を有効にする。「↓」キーを押すと、「R3C2、ドリー先生」と読み上げた。
２．→キーを押すと、「R3C5、再度サムと会う」と読み上げた。
３．上下左右矢印キーでセルを移動すると、「R1C2テーブルヘッダー月曜」のようにセルの何列めか何行目かを読み上げ、続いてヘッダーの場合はテーブルヘッダー　見出しの内容を読み上げる。
■音声読み上げ
・Crtl+Shift+Aキーでテーブル全体の内容を読み上げる（テーブルの大きさ「3行6列。」に続き、一行目から「テーブルヘッダー　テーブルヘッダー　月曜日」「テーブルヘッダー　テーブルヘッダー　火曜日」・・・、「テーブルヘッダー　テーブルヘッダー　8時9時」「サムと会う」・・・とセルの内容のあるセルのみ順番に読み上げる。
・上下矢印キーで移動すると、セルの内容を「R2C1。サムと会う」のように、セルの位置と内容だけを読み上げる。テーブルヘッダーの内容は読み上げない。
",,,,,,,,,
,H053-1,○,"■操作手順
表記どおり、「ここには、オブジェクトとその動作についての説明が入ります。」と読み上げられた。
■音声読み上げ
「ここには、オブジェクトとその動作についての説明が入ります。」",,,,,,,,,
,H053-2,○,"■操作手順
「↓」キーを押していくと、「画像  富士通」と読み上げた。
■音声読み上げ
「画像  富士通」",,,,,,,,,
,H053-3,×,"■操作手順
ページ全文読み、1行読みのどちらの読み方でも、テスト開始からテスト終了までの間、何も読み上げなかった。
■音声読み上げ
なし",,,,,,,,,
,H056,×,"■操作手順
見た目通りに読み上げない。
■音声読み上げ
「 数字を並べます。「　。6789、5 4 3 2 1　」昇順になっているはずです。」　　
",,,,,,,,,
,H057-1,-,,デフォルトのFocus Talkには、英語のエンジンは搭載されていない。,,,,,,,,
,H057-2,-,,デフォルトのFocus Talkには、英語のエンジンは搭載されていない。,,,,,,,,
,H057-3,-,,デフォルトのFocus Talkには、英語のエンジンは搭載されていない。,,,,,,,,
,H063,×,"■操作手順
1. 同じ行にあるデータセルからデータセルへ移動した際（例：「クリーブ・ロイド」から「410-306-1420」へ移動した際）、移動した先のセルの列見出し（例：「電話」）を一緒に読み上げなかった。
2. 同じ列にあるデータセルからデータセルへ移動した際（例：「ヒューストン」から「ピッツバーグ」へ移動した際）、移動した先のセルの行見出し（例：「ジョエル・ガーナー」）を一緒に読み上げなかった。
■音声読み上げ
「410-306-1420」
「ピッツバーグ」","左記は、通常読み上げモードで読み上げた結果。
テーブル読み上げモードが存在し、読み上げたが、各セルの何行何列の情報を、たとえば２行１列目であれば「C2R1」とセル内の情報の文頭で読み上げるだけとなり、見出しの情報の付加はなかった。",,,,,,,,
,H064-1,×,"■操作手順
Ctrl+Shift+↑（↓）でフレームの移動を行ったが、「メニュー」、「メインコンテンツ」が読み上げられなかった。
■音声読み上げ
「ページの先頭です メニュー 2フレームちゅう2フレーム メニュー トップページ アクセシビリティ」",・インターネット接続不可のため、frame２にはテストファイルを指定して行った。,,,,,,,,
,H064-2,×,"　■操作手順
　リンク先にジャンプすると、「iFrameの使い方」が読み上げられ、
　その次にiFrame内のHTMLが続けて読み上げられる。
　title属性「広告」は読み上げられない。
　■音声よみあげ
　「iFrameの使い方　このページの本文へ移動　富士通　富士通サイト内検索…」",,,,,,,,,
,H065-1,×,"■操作手順
テキストフィールドにTabキーでフォーカスを移動すると「検索のエディット」と読み上げ、セレクトメニューにフォーカスを移動すると「コンボボックス　このサイト内」と読み上げる。
■音声読み上げ
「検索のエディット　コンボボックス　このサイト内」",,,,,,,,,
,H065-2,○,"■操作手順
Taｂキーでテキストボックスを移動させると、順に「市外局番のエディット」、「市内局番のエディット」、「加入者番号のエディット」と読み上げられた。
■音声読み上げ
「市外局番のエディット」、「市内局番のエディット」、「加入者番号のエディット」",,,,,,,,,
,H065-3,○,"■操作手順
Taｂキーでテキストボックスにフォーカスが移動すると、「検索キーワードを入力のエディット」と読み上げられた。
■音声読み上げ
「検索キーワードを入力のエディット」",,,,,,,,,
,H067,○,"■操作手順
「テスト開始」と「テスト終了」間では何も読み上げられなかった。
■音声読み上げ
読み上げない。
",,,,,,,,,
,H069-1,○,"■操作手順
PageDownで次の見出しへ移動、PageUpで前の見出しへ移動。
■音声読み上げ
「検索技術に関する定期刊行物　見出し１」、「検索　見出し２」、「ご利用可能な雑誌　見出し２」、「検索結果　見出し２」",,,,,,,,,
,H070,×,"■操作手順
１．
・F6でフレーム間を移動させるが、titleの属性値は読み上げない。
・フレーム間を移動するためのショートカットキーCtrl+Shift+↑（↓）を操作すると、「2フレームちゅう1フレーム」とフレームでの位置とコンテンツを読み上げるが、titileの属性値は読み上げない。
２．フレームのリスト表示機能はない。
■音声読み上げ
１．「アドレスのエディット、　C:\Users\HITACHI\Desktop\JIS2010-AS-FocusTalk\03-テストファイル\JIS2010-TESTS\A\HTMLandXHTML\H70-ref1.html」→F6押下→」→F6押下→「お気に入り」　」→F6押下→無音
「2フレームちゅう1フレーム　メニュー」「2フレームちゅう2フレーム　メニュー　トップページ　お問い合わせ　アクセシビリティ　JIS X 8341-3: 2010」
",１．F6でフレーム間を移動させると、メインフレームでは、フォーカスが当たっている視覚表現がない。,,,,,,,,
,H071-1,×,"■操作手順
１．Tabキーでフォーカスを移動すると「ウィリアム・シェイクスピアのラジオボタン　チェック」と読み上げる。
■音声読み上げ
１．「ウィリアム・シェイクスピアのラジオボタン　チェック」",,,,,,,,,
,H071-2,×,"■操作手順
１．Tabキーでフォーカスを移動すると「写真のチェックボックス　チェックなし」と読み上げる。
■音声読み上げ
１．「写真のチェックボックス　チェックなし」",,,,,,,,,
,H071-3,×,"■操作手順
１．Tabキーでフォーカスを移動すると「ソクラテスのラジオボタン　チェックなし」と読み上げる。
■音声読み上げ
１．「ソクラテスのラジオボタン　チェックなし」
２．「プラトンのラジオボタン　チェックなし」（以下同様）",,,,,,,,,
,H071-4,×,"■操作手順
１．Tabキーであて先のテキストフィールドにフォーカスを移動すると「あて先　のエディット」と読み上げる。
■音声読み上げ
１．「あて先　のエディット」",キーフォーカスの視覚表現が、エディットに当たったときに消える,,,,,,,,
,H073-1,○,"■操作手順
・1行読みモードで「↓」を押すと、「テーブル　勝どき駅前から東京駅へ向かうバスの時刻表。時刻表には、勝どき駅前、築地、銀座4丁目の各バス停での発車時刻、および終点の東京駅丸の内南口バス停への到着時刻が示されている。」と読み上げられた。
・全文読みモードでは読み上げない。
■音声読み上げ
「テーブル　勝どき駅前から東京駅へ向かうバスの時刻表。時刻表には、勝どき駅前、築地、銀座4丁目の各バス停での発車時刻、および終点の東京駅丸の内南口バス停への到着時刻が示されている。」",,,,,,,,,
,H073-2,○,"■操作手順
・1行読みモードで「↓」を押すと、「テーブル　勝どき駅前から東京駅へ向かうバスの時刻表。時刻表には、勝どき駅前、築地、銀座4丁目の各バス停での発車時刻、および終点の東京駅丸の内南口バス停への到着時刻が示されている。」　と読み上げ、つづけて、「↓」で「05番系統　バス時刻表（平日） テーブルタイトルテーブル」と読み上げられた。
・全文読みモードではキャプション　「05番系統　バス時刻表（平日） テーブルタイトルテーブル」は読み上げられたが、summaryの内容は読み上げない。
■音声読み上げ
「テーブル　勝どき駅前から東京駅へ向かうバスの時刻表。時刻表には、勝どき駅前、築地、銀座4丁目の各バス停での発車時刻、および終点の東京駅丸の内南口バス停への到着時刻が示されている。」　「05番系統　バス時刻表（平日） テーブルタイトルテーブル」
",,,,,,,,,
,H077-1,×,リンク「こちら」にフォーカスを移動させた状態で、↑キーを操作すると、「ウェブアクセシビリティ基盤委員会の詳細は」を読み上げるが、Enterキーを押下してもリンク先に遷移しない。,2012年4月修正,,,,,,,,
,H077-2,×,"一つ目のリスト項目（ツーム・レイダー：レジェンド）にあるリンク「デモ　ダウンロード」にフォーカスを移動させた状態で、↑キーを操作すると、「イメージを見る」と読み上げる。
Enterを押下すると、「イメージを見る」のリンク先に遷移する。","2012年4月修正

「リスト項目　全体の数分の現在の項目」を読み上げるときと読み上げないときがある。　Focus　Talkが不安定なせいかもしれない。",,,,,,,,
,H078,×,"一つ目のセクション（JIS X 8341-3 改定）にあるリンク「[続きを読む...]」にフォーカスを移動させた状態で、↑キーを操作すると、「2004年6月に制定された日本工業規格のJIS X 8341-3が改定されました。」と読み上げる。
Enterキーを押下してもリンク先に遷移しない。",2012年4月修正,,,,,,,,
,H079,×,対象のセルの内容は読み上げるが、該当セルの行見出し・列見出しを読み上げるすべがない。,2012年4月修正,,,,,,,,
,H080-1,×,"一つ目のセクション（ロイヤルパームホテル）にあるリンク「お客様の声」にフォーカスを移動させた状態で、PageUpキーを操作すると、そのセクションの見出し「ロイヤルパームホテル」を読み上げる。
Enterを押下してもリンク先に遷移しない。",2012年4月修正,,,,,,,,
,H080-2,×,"一つ目のセクション（年次報告書 2010年版）にあるリンク「(PDF)」にフォーカスを移動させた状態で、PageUpキーを操作すると、そのセクションの見出し「年次報告書 2010年版」を読み上げる。
Enterを押下してもリンク先に遷移しない。",2012年4月修正,,,,,,,,
,H080-3,×,一つ目のセクション（約5年半ぶりにJIS X 8341-3が改定）にあるリンク「[続きを読む...]」にフォーカスを移動させた状態で、そのセクションの見出し「約5年半ぶりにJIS X 8341-3が改定」を読み上げる方法がない。(「テスト開始」を読み上げる。),2012年4月修正,,,,,,,,
,H081-1,×,対象のリンク内容は読み上げるが、その親のリスト項目を読み上げるすべがない。,2012年4月修正,,,,,,,,
,H081-2,×,対象のリンク内容は読み上げるが、その親のリスト項目を読み上げるすべがない。,2012年4月修正,,,,,,,,
,H084-1,○,"■操作手順
セレクトメニューで「1月」を選択し、何も実行されなかった。
次に、[表示]ボタンにフォーカスを移動しを押下すると、リンク先が表示された。
",FocusTalk専用のキー操作モードの場合、Selectメニューが変更できない。,,,,,,,,
,H084-2,○,"■操作手順
セレクトメニューでオプション「リンゴ」を選択し、何も実行されなかった。
次に、[実行]ボタンにフォーカスを移動し押下すると、リンク先が表示された。",FocusTalk専用のキー操作モードの場合、Selectメニューが変更できない。,,,,,,,,
,H085-1,×,"■操作手順
１．Tabキーでコンボボックスにフォーカスを移動すると「コンボボックス　りんご、50分の18」と読み上げる。
２．Enterキーを押すと、リストボックスウィンドウが開かれ、「リストボックスウィンドウのメッセージ　好きな食べ物は何ですか？　OK、エスケープはキャンセル」と読み上げる。
３．下矢印キーを押すと、「リスト項目　リンゴ　バナナ　桃　みかん・・・」と読み上げる。
■音声読み上げ
「リスト項目　リンゴ　バナナ　桃　みかん・・・」",リストボックスを開くと、optgroupの属性値：フルーツ、野菜、焼菓子は表示されない。,,,,,,,,
,H085-2,×,"■操作手順
・全文読みモード、1行読みモードで↓で読み進めても、label「General Techniques」は読み上げられない。
・G1の行でEnterを押すと、ウィンドウが開いて「↓」で「General Techniques」と読み上げるが、それがグループのラベルであることが識別できるような読み上げはしない。
■音声読み上げ
・「関連テクニック一覧: 強調   リストボックス   G1: メインコンテンツエリアへ直接移動するリンクを各ページの先頭に追加する 」
・「 関連テクニック一覧: 強調」、「リストボックス」、「G1: メインコンテンツエリアへ直接移動するリンクを各ページの先頭に追加する」、「関連テクニック一覧:、OK、エスケープはキャンセル関連テクニック一覧 のリストボックス、」、「 リストボックスウィンドウのメッセージ。」、「 General Techniques」、「G1: メインコンテンツエリアへ直接移動するリンクを各ページの先頭に追加する」",,,,,,,,,
,H086-1,×,"■操作手順
 全文読みモード、1行読みモードで↓で読み進めても、何も読み上げられない。
■音声読み上げ
読み上げない。",7/22　再確認時では、記号を読み上げた。,,,,,,,,
,H086-2,×,"■操作手順
キー操作モードで「図1：蝶の絵のASCIIアート」を読み上げた後、「↓」キーで「ASCIIアートをスキップする」にフォーカスが当たり、読み上げ始めたとこで、「Enter」キーを押と、フォーカスはスキップするが、「エルエルエルエル・・・」と読み上げてしまう。
■音声読み上げ
「エルエルエルエル・・・」
",テキストとリンクの操作の両方を行える操作モードを、「↓」で行ごとに読み進める方法以外に見つけられなかった。,,,,,,,,
,H086-3,×,"■操作手順
Au5t1N r0xx0rzをそのまま読み上げた。
■音声読み上げ
Au5tトンN r0xx0rzをそのまま読み上げた。",,,,,,,,,
,H091-1a,○,"■操作手順
リンクにフォーカスが移動すると、「富士通、未訪問のリンク」と読み上げられた。
■音声読み上げ
「富士通、未訪問のリンク」",,,,,,,,,
,H091-1b,○,"■操作手順
リンクにフォーカスが移動すると、「富士通、未訪問のリンク」と読み上げられた。
■音声読み上げ
「富士通、未訪問のリンク」",,,,,,,,,
,H091-1c,△,"■操作手順
リンクにフォーカスが移動すると、「公式ウェブサイト、未訪問のリンク」と読み上げたが、「富士通」は読み上げなかった。
■音声読み上げ
「公式ウェブサイト、未訪問のリンク」",２：×　alt「富士通」が読み上げられなかった。,,,,,,,,
,H091-2a,○,"■操作手順
ボタンにフォーカスが移動すると、「保存のボタン」と読み上げられた。
■音声読み上げ
「保存のボタン」",,,,,,,,,
,H091-2b,○,"■操作手順
ボタンにフォーカスが移動させていくと、順に「保存のボタン」　「送信のボタン」　「リセットのボタン」と読み上げられた。
■音声読み上げ
「保存のボタン」　「送信のボタン」　「リセットのボタン」
",,,,,,,,,
,H091-2c,○,"■操作手順
ボタンにフォーカスが移動すると、「保存のボタン」と読み上げられた。
■音声読み上げ
「保存のボタン」",,,,,,,,,
,H091-2d,○,"■操作手順
ボタンにフォーカスが移動すると、「保存のボタン」と読み上げられた。
■音声読み上げ
「保存のボタン」",,,,,,,,,
,H091-2e,△,"■操作手順
ボタンにフォーカスが移動すると、「ファイルを保存するのボタン」
■音声読み上げ
「ファイルを保存するのボタン」
",2：×　:alt「保存」が読み上げられない。,,,,,,,,
,H091-3a,○,"■操作手順
テキストフィールドにフォーカスが移動すると、「果物の種類のエディット バナナ」と読み上げられた。
■音声読み上げ
「果物の種類のエディット バナナ」",,,,,,,,,
,H091-3b,○,"■操作手順
テキストフィールドにフォーカスが移動すると、「果物の種類のエディット バナナ」と読み上げられた。
■音声読み上げ
「果物の種類のエディット バナナ」",,,,,,,,,
,H091-4,○,"■操作手順
1.Tabキーでフォーカスを当てると、「チーズのチェックボックス チェック」と読み上げられる。
2.「Space」キーでチェックを外すと、「チェックなし」と読み上げられる。
■音声読み上げ
1.「チーズのチェックボックス チェック」
2.「チェックなし」
",,,,,,,,,
,H091-5,○,"■操作手順
1.Tabキーでフォーカスを移動させると順に、「赤のラジオボタン チェック」、「青のラジオボタン チェックなし」、「緑のラジオボタン チェックなし」と読み上げられる。
2.チェックなしのボタンで「Space」キーを押すと、「チェック」と読み上げられる。
■音声読み上げ
1.「赤のラジオボタン チェック」、「青のラジオボタン チェックなし」、「緑のラジオボタン チェックなし」
2.「チェック」
",,,,,,,,,
,H091-6a,○,"■操作手順
１．２．コンボボックスにフォーカスが移動すると、「コンボボックス 2」、
３．Enter押下すると、リストボックスが開き、「リストボックスウィンドウのメッセージ。数字、OK、エスケープはキャンセル」、リストボックスの中を↓で移動すると、「１」「２」「３」と読み上げられた。Enter押下で、読み上げさせた数字を選択できた。
■音声読み上げ
「コンボボックス 2」「リストボックスウィンドウのメッセージ。数字、OK、エスケープはキャンセル」「１」「２」「３」
",,,,,,,,,
,H091-6b,△,"■操作手順
コンボボックスにフォーカスが移動すると、「テスト開始のコンボボックス 2」、Enter押下すると、「リストボックスウィンドウのメッセージ。テスト開始、OK、エスケープはキャンセル」、リストボックスの中を↓で移動すると、「１」「２」「３」と読み上げられた。
■音声読み上げ
「テスト開始のコンボボックス 2」「リストボックスウィンドウのメッセージ。テスト開始、OK、エスケープはキャンセル」「１」「２」「３」
",,,,,,,,,
,H091-7a,○,"■操作手順
テキストフィールドにフォーカスが移動すると、「コメントを入力のエディット 87年前」と読み上げられた。
■音声読み上げ
「コメントを入力のエディット 87年前」
",,,,,,,,,
,H091-7b,○,"■操作手順
テキストフィールドにフォーカスが移動すると、「コメントを入力のエディット 87年前」と読み上げられた。
■音声読み上げ
「コメントを入力のエディット 87年前」
",,,,,,,,,
,H091-8,△,"■操作手順
「↓」キーで1行ずつ読み上げさせると、「色を選択してください：」、「赤のラジオボタン チェックなし」、「赤」、「青のラジオボタン チェックなし」「青」、「緑のラジオボタン チェックなし」、「緑」と読み上げられた。
■音声読み上げ
「色を選択してください：」、「赤のラジオボタン チェックなし」、「赤」、「青のラジオボタン チェックなし」「青」、「緑のラジオボタン チェックなし」、「緑」","2：×「色を選択してください」は読み上げられない。
4：×ラジオボタンの数を読み上げない
5：×「色を選択してください」を読み上げない",,,,,,,,
,SCR002,○,Tabキーで遷移した際に、「W3C ウェブ・アクセシビリティ・イニシアティブ 未訪問のリンク、W3C国際化活動 未訪問のリンク」と読み上げた。,2012年4月修正,,,,,,,,
,SCR016,○,"■操作手順
1.デフォルトで「OK」ボタンにフォーカスが当たっているダイアログが現れ、「Web ページからのメッセージのメッセージ。残り20秒でページを更新します。時間を延長しますか？、OK、エスケープはキャンセル　OKのボタン」と読み上げられる。
2.「Space」または「Enter」キー押下すると「OK」ボタンが実行される。
・Tabキーまたは「→」キーで「キャンセル」フォーカスが移動し、「キャンセルのボタン、」と読み上げられる。「Space」または「Enter」キー押下すると「キャンセル」ボタンが実行され、タイトルバーが読み上げられる。
■音声読み上げ
1.「Web ページからのメッセージのメッセージ。残り20秒でページを更新します。時間を延長しますか？、OK、エスケープはキャンセル」
2.
・「キャンセルのボタン　.SCR16: 制限時間が切れようとしていることを利用者に警告するスクリプトを提供する - Windows Internet Explorer」
",,,,,,,,,
,SCR018,○,"■操作手順
Tabでフォーカス移動し「日付 入力例2009年7月21日のエディット」と読まれたところで任意の値（ここでは、「00」）を入力。Tabで送信ボタンにフォーカスを当てると、「送信のボタン」と読み上げる。Enterを押すとダイアログが表示され「Webページからのメッセージのメッセージ　有効な日付ではありません　入力しなおしてください。00　エスケープはキャンセル　OKのボタン」と読み上げる。
■音声読み上げ
「日付 入力例2009年7月21日　日付 入力例2009年7月21日のエディット　00　送信のボタン　（Enter押下）「Webページからのメッセージのメッセージ　有効な日付ではありません　入力しなおしてください。00　エスケープはキャンセル　OKのボタン」",,,,,,,,,
,SCR020-1,○,"「キー操作モード」がONの際は、Enterキーを押してもダイアログが表示されない。
「キー操作モード」OFFの際は、Enterキーを押しただけでダイアログが表示されてダイアログの内容を読み上げる。","2012年4月修正

「キー操作モード」OFFの際は、「Webページからのメッセージ JavaScriptは有効です。」と読み上げる。",,,,,,,,
,SCR020-2,○,「キー操作モード」がON/OFF両方の時に、ダイアログは表示されるが、Enterキーではなく対象箇所にフォーカスが当たるためのキー操作(Tabキーなど)のキーアップに反応してダイアログが表示されている。,"2012年4月修正

「Webページからのメッセージ JavaScriptは有効です。」と読み上げる。
本テストは、Enterキーに関わらずキーアップに関してのテストだと思われるため、判定を○にしている。",,,,,,,,
,SCR020-3,○,「キー操作モード」がON/OFF両方の時に、ダイアログが表示されてダイアログの内容を読み上げる。,"2012年4月修正

「Webページからのメッセージ JavaScriptは有効です。」と読み上げる。",,,,,,,,
,SCR020-4,○,「キー操作モード」がON/OFF両方の時に、ダイアログが表示されてダイアログの内容を読み上げる。,"2012年4月修正

「Webページからのメッセージ JavaScriptは有効です。」と読み上げる。",,,,,,,,
,SCR020-5,○,「キー操作モード」がON/OFF両方の時に、ダイアログが表示されてダイアログの内容を読み上げる。,"2012年4月修正

「Webページからのメッセージ JavaScriptは有効です。」と読み上げる。",,,,,,,,
,SCR021,×,"■操作手順
・「送信」を押すと、遷移せず入力した値がクリアされる。再度「送信」を押すと、エラー表示が現れるが、全画面読みが始まらない。「→」を押すと途中のテキストやテキストフィールドを飛ばして「送信ボタン」を読み上げる。「←」を押して、ページの先頭まで戻し、「↓」キーで１行読みをさせると、1行ずつ読み上げる。
２：「入力エラー」を押すと、「1.電話番号を正しく入力してください。」にフォーカスは移動するが、読み上げられない。
３：電話番号のテキストフィールドにフォーカスは移動するが、読み上げられない。
４：ファックスのテキストフィールドにフォーカスは移動するが、読み上げられない。
■音声読み上げ
→押下で、「ページの終端です」　←押下で、「 送信 FAX番号 電話番号 連絡先 SCR 21を実装したフォーム」　↓押下ごとに、「入力エラー」　 「電話番号」　「電話番号のエディット」　 「FAX番号」　「FAX番号のエディッ」ト　「送信のボタン」
","キーフォーカスの視覚表現が、エディットに当たったときに消える。また、数字キーを押しても、その内容が読み上げられるがテキストボックスに表示されない。
・「送信」ボタンが最初に読み上げられ、「↑」キーで戻らないと電話とファックスのテキストボックスを読み上げない。
１：○→×(7/22）
２：×
３：×
４：×

",,,,,,,,
,SCR022,○,"■操作手順
ページ全文読みで、「新製品」と読み上げた。
■音声読み上げ
「新製品」",,,,,,,,,
,SCR026,○,「キー操作モード」がON/OFF両方の時に、展開にフォーカスが当たった状態でエンターキーを押すと、コンテンツが直後に挿入され、Tabキーを押下すると、「コンテンツ」が読み上げられる。,2012年4月修正,,,,,,,,
,SCR028-1,△,"■操作手順
1：「メニュー」でEnterを押し4つのメニューを非表示にして、Tabを押すと4つのメニューのリンクへ順にフォーカスが移動してから、「メインコンテンツのリンク」に移動する。
2：4つのメニューを表示してTabを押すと4つのメニューのリンクへ順にフォーカスが移動してから、「メインコンテンツのリンク」に移動する。
■音声読み上げ
「メニュー　リンク1…」","1：×
2：○",,,,,,,,
,SCR028-2,△,"■操作手順
1：「目次の表示/非表示」ボタンで目次を非表示にして、Tabを押すと目次のリンクへ順にフォーカスが移動してから、「セクション1へのリンク」に移動する。
2：目次を表示してTabを押すと目次のリンクへ順にフォーカスが移動してから、「セクション1へのリンク」に移動する。
■音声読み上げ
「目次の表示 スラッシュ 非表示のボタン　セクション１」","1：×
2：○",,,,,,,,
,SCR030,○,"■操作手順
「リンクラベルを拡張する」でEnterすると、Word、PDF、HTMLのリンクは「Word版 ウェブの歴史」のようにテキストが追加されたものが読み上げられる
■音声読み上げ
「リンクラベルを拡張する　Word版 ウェブの歴史…」",,,,,,,,,
,SCR032,△,"■操作手順
1:○エラーメッセージは表示される
2:×フォーカスはメッセージに当たる。Enterを押下するとエラーメッセージが読み上げられる。
3:×フォーカスは移動しているが、右矢印または下矢印で次を読み上げると、ボタンの次から読み上げが開始される。
4:○Enterを押下するとテキストボックス入力ダイアログが表示される。
　　テキストボックス入力ダイアログに文字列を入力後、Enterを押下すると、
　　該当する入力項目に文字列が入力される。
■音声読み上げ
「送信ボタン(Enter押下)(Enter押下)2つの入力項目に入力エラーがあります。」","2：読み上げ中に、マウス操作でボタンを押下すると、表示されると同時に、エラーメッセージにフォーカスがあたって読み上げられる。
3：読み上げがボタンの次から開始されるのは、Focusの仮想カーソルがボタンから移動していないためだと思われる。
4：左記は全文読み上げの結果。
一文ずつ読み上げた場合、Enterを押下するとテキストボックスにカーソルが表示される。",,,,,,,,
,SCR033,○,"■操作手順
ページ全文読みモードで、「このテキストはスクロールします。Javascript及びCSSがサポートされていて、どちらも有効な場合は、一時停止/スクロールのリンクが表示されます。」が読み上げられた。
■音声読み上げ
「このテキストはスクロールします。Javascript及びCSSがサポートされていて、どちらも有効な場合は、一時停止/スクロールのリンクが表示されます。」
",,,,,,,,,
,SCR035-1,-,テスト不要,,,,,,,,,
,SCR035-2,×,"■操作手順
JSのオン/オフによるリンクの遷移先に変更はない。（ActiveXの有効/無効に影響する。）
ページ上部に表示される情報バーからActveXを有効にした状態で「Javascriptを実行する」「イベント」と読み上げEnterを押すとリンク先にジャンプする。
ページ上部に表示される情報バーからActveXを有効にしない状態で「このページはJavascript設定が無効な場合の代替ページです」「富士通株式会社の公式サイト」と読み上げEnterを押すとリンク先にジャンプする
■音声読み上げ
「以下のリンクは、onclickイベントでリンクを起動します。
JavaScriptが有効な場合：「富士通株式会社の公式サイト」へ移動します。 
JavaScriptが無効な場合：代替ページへ移動します。 
JavaScriptを実行するリンク」",,,,,,,,,
,SCR035-4,-,テスト不要,,,,,,,,,
,SCR035-5,-,テスト不要,,,,,,,,,
,SCR035-6,-,テスト不要,,,,,,,,,
,SCR036,○,"■操作手順
テキストがスクロールしている状態で→を押すとWebというのは・・・と読み上げが開始される
テキストが静止している状態で→を押すとWebというのは・・・と読み上げが開始される
■音声読み上げ
「Webというのは・・・」",,,,,,,,,
,SCR037,○,"「キー操作モード」がONの時に、エンターキーを押すとオプション設定ダイアログが表示され、Tabキーを押下すると、各項目（ラジオボタンの項目２つとOK、キャンセルボタン）を読み上げる。
「キー操作モード」がOFFの時に、エンターキーを押すとオプション設定ダイアログが表示され、Tabキーを押下すると、選択済みラジオボタンと、OK、キャンセルボタンのみを読み上げる。",2012年4月修正,,,,,,,,
,,,,,,,,,,,,
,この作品は、クリエイティブ・コモンズ・ライセンスの下でライセンスされています,,,,,,,,,,,
,,,,,,,,,,,,
,,利用許諾条件（表示 - 継承 2.1 日本）の確認 ,,,,,,,,,,
,,,,,,,,,,,,
,原著作者：株式会社日立製作所　デザイン本部,,,,,,,,,,,
,作成者：ウェブアクセシビリティ基盤委員会　実装ワーキンググループ（WG2）,,,,,,,,,,,
,作成日： 2010年8月20日,,,,,,,,,,,
,最終更新日：2012年4月25日,,,,,,,,,,,
