,PC-Talker XP 3.06　アクセシビリティサポーテッド検証結果 [等級A]  2012年5月版,,,,,記号の説明,,,,,
,＊ この検証結果は、ウェブアクセシビリティ基盤委員会 実装ワーキンググループ（WG2）が提供する参考情報であり、予告なく変更されることがあります。,,,,,○,サポートあり,,,,
,＊ この情報をご利用になる前に、ライセンス（利用許諾条項）と免責事項を必ずご確認ください。,,,,,△,一部サポート,,,,
,＊最新版は、ウェブアクセシビリティ基盤委員会のサイトでご確認ください（http://waic.jp/docs/jis2010/as.html）。,,,,,×,サポートなし,,,,
,,,,,,？,判定できず,,,,
,,,,,,-,テスト不要（N/A）,,,,
,"Windows XP , Internet Explorer 6.0 , PC-Talker XP 3.06 ",,,,,,,,,,
,"テストファイル
No.","検証結果
○/△/×/?/-",操作手順・音声読み上げログ,判断軸・不安要素,,,,,,,
,C6,○,"■操作手順
定義リストとしては読み上げない。　
■音声読み上げ
「野菜 きゅうり なす 大根 果物 りんご みかん 」",,,,,,,,
,C7,○,"■操作手順
「全文」にフォーカスを移動させた際、「ワシントンによる経済成長促進プランの全文」と読み上げた。
■読み上げ
「ワシントンによる経済成長促進プランの全文　リンク」",,,,,,,,
,C8,○,"■操作手順
とうきょうと　と読み上げた。
■読み上げ
「とうきょうと」",,,,,,,,
,C9-1,-,テスト不要,,,,,,,,
,C9-2,○,"■操作手順
「経済産業省」リンク　と読み上げる。
■音声読み上げ
「経済産業省リンク」",,,,,,,,
,C9-3,-,テスト不要,,,,,,,,
,G1-1,×,"■操作手順
1.「メインコンテンツへスキップ」にフォーカスを移動させてリンクを押下した後、全文読み上げを開始するとメインコンテンツへスキップのところから読み始める。
2.「メインコンテンツへスキップ」にフォーカスを移動させてリンクを押下した後、次にTabキーを押下すると「メインコンテンツへスキップ」にフォーカスがあたる。
■音声読み上げ
「メインコンテンツへスキップ　G1例１のサンプル（タイトル部分）・・・」
「メインコンテンツへスキップ　メインコンテンツへスキップ　PCサーバ「PRIMERGY」」","1.スキップリンクを押下したあと、また最初から読み上げてしまうので、×。
2.スキップコンテンツのリンクを押下したあと、tabキーを押下しても、PCサーバ「PRIMERGY」にフォーカスが移動しないので、×。",,,,,,,
,G1-2,×,"■操作手順
1.「メイにフォーカスを移動させてリンクを押下した後、全文読み上げを開始すると「メインコンテンツへスキップ」から読み始める。
2.「メインコンテンツへスキップ」にフォーカスを移動させてリンクを押下した後、次にTabキーを押下する「メインコンテンツへスキップ」に移動する。
■音声読み上げ
「メインコンテンツへスキップ　メインコンテンツへスキップ　　富士通　プレスリリース・・・」
「メインコンテンツへスキップ　G1例１のサンプル（タイトル部分）・・・」","1.スキップリンクを押下したあと、「プレスリリース」から読み上げないので、×。
2.スキップコンテンツのリンクを押下したあと、tabキーを押下しても、ニュース本文にあるリンク「PCサーバ「PRIMERGY」」にフォーカスが移動しないので、×。",,,,,,,
,G14-1,○,"■操作手順
「9:00（きゅう、ぜろぜろ）〜9:30（きゅう、さんじゅう）　セッション1（T1）」と読み上げているので各セッションがどれに属しているかわかる。
■音声読み上げ
「9:00（きゅう、ぜろぜろ）〜9:30（きゅう、さんじゅう）　セッション1（T1）」",,,,,,,,
,G14-2,○,"■操作手順
色の区別だけはなく、alt属性を読み上げているので、各セッションがどのトラックであるか、理解することができる。
■音声読み上げ
「WEB業界セミナー2009
09:00〜09:30 
セッション 1 　トラック１　セッション 5　トラック２　セッション 9 トラック３」",,,,,,,,
,G14-3,○,"■操作手順
全体を読ませると、選択してください　お問合せ件名[必須]　のコンボボックス　と読み上げる。
Ctl+矢印で読ませると表示順に読む。
■音声読み上げ
「選択してください　お問合せ件名[必須]　のコンボボックス、選択　漢字　お名前必須　テキスト」",,,,,,,,
,G14-4,○,"■操作手順
送信のプッシュボタン　確認　と読み上げる。
■音声読み上げ
「送信するには緑の[送信]ボタン、取り消すには赤の[取消]ボタンを押してください。送信のプッシュボタン　確認」
",,,,,,,,
,G21,○,"■操作手順
「HTMLのリンク 1」へ移動させた後、Tabキーを押下するとFlashムービー内のボタン「富士通トップページへ」にフォーカスが移動し、さらにTabキーを押下するとフォーカスがFlashムービーから外へ出てリンク「HTMLのリンク 2」に移動可能。
■音声読み上げ
「HTMLのリンク 1　富士通トップページへのプッシュボタン確認　ラッシュコンテンツです　HTMLのリンク ２」",,,,,,,,
,G53,×,"■読み上げ
「ウェブアクセシビリティ基盤委員会の詳細は、」

1.×：「ここをクリック」にフォーカスを移動させた状態で、「Ctrl+↑」でフォーカスがあたっている前文を読むことは可能だが、フォーカスがあたっている全文を読み上げることができないので、×
2.×：リンクを含めた1文を読み上げることができないので、×","2012年4月修正
",,,,,,,
,G88-1,○,"■操作手順
ページを開いた際に、ページタイトル「自己適合宣言｜ウェブアクセシビリティ基盤委員会」が読み上げられた。
■音声読み上げ
「自己適合宣言｜ウェブアクセシビリティ基盤委員会」",,,,,,,,
,G90-1,-,テスト不要,,,,,,,,
,G90-2,-,テスト不要,,,,,,,,
,G90-3,-,テスト不要,,,,,,,,
,G90-4,-,テスト不要,,,,,,,,
,G90-5,-,テスト不要,,,,,,,,
,G91,○,"■操作手順
テキストリンクにフォーカスを移動させた際に、ラベル「東京駅構内の最新のルート　リンク」と読み上げた。
■音声読み上げ
「東京駅構内の最新のルート　リンク」",,,,,,,,
,G96-1,○,"■操作手順
説明のテキストを読み上げたあと、「goの確認」と読み上げてイメージボタンを認識することができた
■音声読み上げ
「次へ進むには、円い ""go"" ボタンを押してください。ゴーのプッシュボタン　確認」",,,,,,,,
,G96-2,○,"■操作手順
見出しを探しだすことができない。
しかし、読み上げ中に「利用可能な番号」を読み上げるので理解できると考えた。
■音声読み上げ
「下にある「利用可能な番号」の一覧の中から希望する番号を選んでください。
利用可能な番号
1234-5678-90 
2345-6789-01 
3456-7890-12 
4567-8901-23 」",「利用可能な番号」を見出しと認識できればよい？そうであれば、見出し機能がないが、読み上げればわかる？,,,,,,,
,G96-3,○,"■操作手順
tabでフォーカス移動して「プレビュー」があることを確認できる。また、最初から読み上げた場合も読み上げるため、位置がわからなくてもボタンを見つけることができる。
■音声読み上げ
「右下の「プレビュー」ボタンを押してください。　印刷　キャンセル　OK　プレビュー」",,,,,,,,
,G107,○,"■操作手順
「用語解説 (新しいウィンドウで表示)」にフォーカスを移動させただけでは何も起こらずに、リンクを押下したときだけリンク先が別ウィンドウで開いた。
■音声読み上げ
「用語解説 新しいウィンドウで表示」",,,,,,,,
,G108,○,"■操作手順
1.「検索キーワードを入力」のエディット、文字入力」と読み上げる。
2.「検索のプッシュボタン、確認」と読み上げる。
■音声読み上げ
「検索キーワードを入力」のエディット、文字入力」
「検索のプッシュボタン、確認」",,,,,,,,
,G115-1,○,"■操作手順
「ダウンロードページ、リンク」と読み上げる。
■音声読み上げ
「ダウンロードページ、リンク」",,,,,,,,
,G115-2,×,"■操作手順
1.「吾輩は猫である」が、引用元であることが分かるように読み上げられていない。
2.「吾輩は猫である。名前はまだ無い。・・・思わなかった。」が、引用部分であることが分かるように読み上げられていない。
■音声読み上げ
「夏目漱石の小説「吾輩は猫である」は、猫の視点から描かれている。書き出しはこうだ。
吾輩は猫である。名前はまだ無い。
どこで生れたかとんと見当がつかぬ。何でも薄暗いじめじめした所でニャーニャー泣いていた事だけは記憶している。吾輩はここで始めて人間というものを見た。しかもあとで聞くとそれは書生という人間中で一番獰悪な種族であったそうだ。この書生というのは時々我々を捕えて煮て食うという話である。しかしその当時は何という考もなかったから別段恐しいとも思わなかった。 」",引用が分かるように読み上げない,,,,,,,
,G115-3,×,"■操作手順
「ギアがニュートラルにあることを確認してください」が、強調されていることが分かるように読み上げられていない。
■音声読み上げ
「エンジンを始動する方法　エンジンを始動する前に、ギアがニュートラルにあることを確認してください。次にキーをまわして点火します。エンジンが始動するはずです。」",強調した読み上げはしない,,,,,,,
,G115-4,×,"■操作手順
斜体と太字の部分は強調されて読み上げられなかった。
■音声読み上げ
...彼女が本当に言いたかったのは、""これは良いどころではなく、むしろ素晴らしい""ということだった！…",強調した読み上げはしない,,,,,,,
,G115-5,×,"■操作手順
ハイライト部分は特に強調されていない。
■音声読み上げ
「新しい単語は、背景色をシアンにしてハイライトかつ強調されています。そのプレー対する痛烈な批評は、少々厳しすぎるように思われました。」",強調されて読み上げられなかったため、×。,,,,,,,
,G117,○,"■操作手順
「製品 B　（新製品） 、製品 B　（特価品）、製品 B　（注目商品）、製品 B　（生産中止） 」とそれぞれ読み上げた。
■音声読み上げ
「太字は新製品です。製品 A 製品 B（新製品） 製品 C 斜体は特価品です。
製品 A 　製品 B（特価品）　製品 C 」",製品Bの後に「新製品」と読み上げているのでどのような状態かがわかるので、○。,,,,,,,
,G122,○,"■操作手順
「お名前」が必須項目であることは必須とかいてあり、読み上げているのでOK?
■音声読み上げ
「お名前必須のエディット　文字入力」",,,,,,,,
,G123-4a,×,"■操作手順
1.「メイン ナビゲーションをスキップ」を押下した後、Tabキーを押すと「メインコンテンツへスキップ」にフォーカスが移動する。
2.「サブ ナビゲーションをスキップ」を押下した後、Tabキーを押すと.「サブ ナビゲーションをスキップ」にフォーカスが戻る。
3.「ウルトラ サブ ナビゲーションをスキップ」を押下した後、Tabキーを押すと.「ウルトラ サブ ナビゲーションをスキップ」にフォーカスが戻る。
■音声読み上げ
「メイン ナビゲーションをスキップ　メインコンテンツへスキップメイン ナビゲーションをスキップ　リンクA・・・」
「サブ ナビゲーションをスキップ　サブ ナビゲーションをスキップ　リンクA ・・・」
「ウルトラ サブ ナビゲーションをスキップ　ウルトラ サブ ナビゲーションをスキップ　リンクA」","1.サブナビゲーションへフォーカスが移動しないため、×。
2.「ウルトラ サブ ナビゲーションをスキップ」にフォーカスが移動しないため、×。
3.「アクセシビリティ」にフォーカスが移動しないため、×。",,,,,,,
,G123-4b,×,"■操作手順
1.「メイン ナビゲーションをスキップ」を押下した後、Tabキーを押すとメインコンテンツへスキップに戻る。
2.「サブ ナビゲーションをスキップ」を押下した後、Tabキーを押しても、「サブ ナビゲーションをスキップ」のところにフォーカスがある。（動いていない？）
3.「ウルトラ サブ ナビゲーションをスキップ」を押下した後、Tabキーを押すと「ウルトラサブナビゲーション」のところにフォーカスがある。（動いていない？）
■音声読み上げ
「メイン ナビゲーションをスキップリンク　G123：繰り返しているコンテンツのブロックの開始位置に（タイトル部分）・・・」
「サブ ナビゲーションをスキップ、サブ ナビゲーションをスキップ」
「ウルトラ サブ ナビゲーションをスキップ、ウルトラ サブ ナビゲーションをスキップ」","1.「サブ ナビゲーションをスキップ」にフォーカスが移動しないため、×。
2.「ウルトラ サブ ナビゲーションをスキップ」にフォーカスが移動しないため、×。
3.「アクセシビリティ」にフォーカスが移動しないため、×。",,,,,,,
,G124-1,×,"■操作手順
1.スキップリンク「メインコンテンツへスキップ」を押下した後、次にTabキーを押下すると「メインコンテンツへスキップ」にフォーカスが移動する。
2.「検索ボックスへスキップ」を押下した後、次にTabキーを押下すると「メインコンテンツへスキップ」にフォーカスが移動する。
3.「検索ボックスへスキップ」を押下した後、次にTabキーを押下すると「メインコンテンツへスキップ」にフォーカスが移動する。
■音声読み上げ
「メインコンテンツへスキップリンク　G124：ページの先頭に・・（タイトル部分）（tabをおすと）　メインコンテンツへスキップリンク　検索ボックスへスキップ・・」
「メインコンテンツへスキップ　G124：ページの先頭に・・（タイトル部分）（tabをおすと）　　検索ボックスへスキップ」
「メインメニューへスキップ　G124：ページの先頭に・・（タイトル部分）　（tabをおすと）　検索ボックスへスキップ」","1.「メインコンテンツにあるリンク」にフォーカスが移動しないため、×。
2.検索のテキストフィールドにフォーカスが移動しないため、×。
3.「このサイトについて」にフォーカスが移動しないため、×。",,,,,,,
,G124-2,×,"■操作手順
1.「メインコンテンツへスキップ」を押下した後、次にTabキーを押下すると「メインコンテンツへスキップ」にフォーカスが移動する。
2.「検索ボックスへスキップ」を押下した後、次にTabキーを押下すると「メインコンテンツへスキップ」にフォーカスが移動する。
3.「メインメニューへスキップ」を押下した後、次にTabキーを押下すると「メインコンテンツへスキップ」にフォーカスが移動する。（ナビゲーションバー？）
■音声読み上げ
「メインコンテンツへスキップリンク　G124：ページの先頭に・・（タイトル部分）（tabをおすと）　メインコンテンツへスキップリンク　検索ボックスへスキップ・・」
「メインコンテンツへスキップ　G124：ページの先頭に・・（タイトル部分）（tabをおすと）　　検索ボックスへスキップ」
「ナビゲーションバーへスキップ　　（tabをおすと）　メインコンテンツへスキップ」","1.「メインコンテンツにあるリンク」にフォーカスが移動しないため、×。
2.検索のテキストフィールドにフォーカスが移動しないため、×。
3.「このサイトについて」にフォーカスが移動しないため、×。",,,,,,,
,G138,△,"■操作手順
1.「件名」及び「お名前」のテキストフィールドを読み上げる際に、「[必須]」もあわせて読み上げている。
2.マークアップされた「[必須]」が、強調されていることが分かるようには読み上げられていない。
■音声読み上げ
「入力に際してのご注意
赤色の太字で[必須]と示されている項目は、必須項目ですので必ず入力してください。
件名 [必須]：  のエディット　文字入力　お名前（お勤め先といっているので間違えているかも？？）のエディット　文字入力　  お勤め先： のエディット　文字入力」
",,,,,,,,
,G187,-,テスト不要,,,,,,,,
,G196-1,○,"■操作手順
「5つ星中、星3個」、画像　と読み上げた。
■音声読み上げ
「評価　5つ星中、星3個」",,,,,,,,
,G196-2,○,"■操作手順
「エー、エーエー、トリプルエー」と読み上げていた。
■音声読み上げ
「エー、エーエー、トリプルエー」",,,,,,,,
,H2-1,○,"■操作手順
「プロダクトページ、リンク」と読み上げた。
■音声読み上げ
「プロダクトページ、リンク」",,,,,,,,
,H2-2,×,"「公式サイト、リンク」とだけ読み上げられた。
■音声読み上げ
「公式サイト、リンク」",富士通株式会社という代替テキストは読み上げられなかった。,,,,,,,
,H4-1,○,"■操作手順
夫の姓、 夫の名、 夫の出身地、妻の姓、妻の名、妻の出身地の順にフォーカスが移動した。
■音声読み上げ
「夫の姓のエディット文字入力、夫の名のエディット文字入力、夫の出身地のエディット文字入力、妻の姓のエディット文字入力、妻の名のエディット文字入力、妻の出身地のエディット文字入力」",,,,,,,,
,H4-2,○,"■操作手順
Tabキで、テキストフィールド 、検索ボタン、携帯サイト、サイトマップの順でフォーカスが移動した。 
■音声読み上げ
「携帯サイト サイトマップ   サイトマップのエディット文字入力　検索のプッシュボタン　確認」",,,,,,,,
,H4-3a,○,"■操作手順
リンク 1、 リンク 3、 リンク 2、リンク 4の順にフォーカス移動した。
■音声読み上げ
「リンク１リンク、リンク３リンク、リンク２リンク、リンク４リンク」",,,,,,,,
,H4-3b,○,"■操作手順
リンク 1、リンク 2、 リンク 21、 リンク 3、リンク 20の順にフォーカス移動した。
■音声読み上げ
「リンク 1リンク、 リンク リンク、2 リンク 21リンク、 リンク 3リンク、 ... リンク 20リンク」",,,,,,,,
,H24,○,"■操作手順
alt属性に記述した代替テキスト「カウンター　リンク」及び「視聴覚室　リンク」が読み上げられた。
■音声読み上げ
「カウンター　リンク」、「視聴覚室　リンク」",,,,,,,,
,H25,○,"■操作手順
ページタイトルを「ワールドワイドウェブコンソーシアム」と読み上げた。
■音声読み上げ
「ワールドワイドウェブコンソーシアム」",,,,,,,,
,H30-1,○,"■操作手順
「首相官邸ホームページ」リンク　と読み上げた。
■音声読み上げ
「首相官邸ホームページ、リンク」",,,,,,,,
,H30-2,○,"■操作手順
「東京駅構内の最新のルート、リンク」　と読み上げる。
■音声読み上げ
「東京駅構内の最新のルート、リンク」",,,,,,,,
,H30-3,○,"■操作手順
「東京駅構内の最新のルート、リンク」と読み上げる。
■音声読み上げ
「東京駅構内の最新のルート、リンク」",,,,,,,,
,H30-4,○,"■操作手順
テキストリンクのラベル「首相官邸ホームページ　リンク」だけが読み上げられた。
■音声読み上げ
「首相官邸ホームページ、リンク」",,,,,,,,
,H30-5,×,"■操作手順
「施設ご利用の手引き、リンク」と読み上げる。
■音声読み上げ
「施設ご利用の手引き、リンク」",PDFファイルの部分は読み上げなかったため、×。,,,,,,,
,H32-1,○,"■操作手順
「申し込む」を押下すると、フォーム送信される。
■音声読み上げ
「申し込むのプッシュボタン、確認」",,,,,,,,
,H32-2,○,"■操作手順
セレクトメニューで選択肢を選んだだけでは何も起こらず、[選択したページへ移動する]ボタンを押下すると選択したページへリダイレクトされた。
■音声読み上げ
「サイト案内　サイト案内のコンボボックス　選択トップページ　選択したページへ移動するのプッシュボタン　確認」",,,,,,,,
,H33-1,×,"■操作手順
リンクラベルの「富士通」は読み上げず、title属性の「富士通株式会社の公式サイト」リンク、とを読み上げていた。title属性による補足説明があることも特にない。また、キー操作による読み上げもない。
■音声読み上げ
「富士通株式会社の公式サイト　リンク」",,,,,,,,
,H33-2,×,"■操作手順
「「新しいウィンドウで開く」、リンク」と読み上げる。リンク自体は読み上げない。また、title属性値による補足説明があることが分かるようには読み上げていない。
■音声読み上げ
「「新しいウィンドウで開く」、リンク」",リンク自体を読み上げていないので、×。,,,,,,,
,H35,×,"■操作手順
タイトルバーは読むが、それ以外の要素は読み上げない。
■音声読み上げ
読み上げない。",,,,,,,,
,H36,○,"■操作手順
送信のプッシュボタン　確認　と読み上げる。
■音声読み上げ
「送信のプッシュボタン　確認」",,,,,,,,
,H37-1,○,"■操作手順
「東京駅構内図を見る」リンク　と読み上げる。
■音声読み上げ
「東京駅構内図を見る　リンク」",,,,,,,,
,H37-2,○,"■操作手順
「リンク」とだけ読み上げる。
■音声読み上げ
「４階雑貨書籍リンク、３階衣料品リンク。。。」",Tab移動で「4階コロン　書籍雑貨　リンク」…などを一つずつ読み上げた。,,,,,,,
,H39,×,"■操作手順
表題の「3月6日の週の予定」を読み上げた。
■音声読み上げ
「3月6日の週の予定」",表題であるかどうかわかるかといわれると、表題からテーブルへの読み上げの流れとしては、わかると思う。,,,,,,,
,H42,×,"■操作手順
読み上げは普通に行われたが、見出しであることは、聞いただけでは区別できない。
■音声読み上げ
「サイト内ナビゲーション　メニュー メニュー メニュー　メニュー 　メニュー本日の株式市場　海外の株価指数 ニューヨーク 9,256.26 　ロンドン 4,690.53 上海 3,304.256 関連リンク　リンク 　リンク 　リンク　　リンク 　リンク」",,,,,,,,
,H43,×,"■操作手順
テーブル読み上げ機能がない。
■音声読み上げ
「全国 東京 大阪 男性　女性　合計　男性 女性 合計 　15％・・・」",テーブル読み上げ機能がないので、セルデータについての読み上げができない。,,,,,,,
,H44-1,○,"■操作手順
tabキーで移動、「お名前の文字入力」と読み上げた。
■音声読み上げ
「お名前のエディット、文字入力」",,,,,,,,
,H44-2,○,"■操作手順
tabキーで移動、「htmlの切り替えチェック」と読み上げた。
■音声読み上げ
「ＨＴＭＬのチェックボックス、切り替えチェック」",,,,,,,,
,H44-3,○,"■操作手順
ラジオボタンにフォーカスがあたらない。
→テキストにフォーカスがあたっている状態でなら、それぞれのラベルとラジオボタンの情報について読み上げている。
■音声読み上げ
ドーナツの選択
お好みのドーナツを選び、「購入」ボタンを押してください。
 チョコレートタイプラジオボタン　選択　 クリームたっぷりタイプ　選択　 はちみつがけタイプ選択",,,,,,,,
,H45,×,"■操作手順
代替テキスト「会員数の遷移グラフ」が読み上げられたが、longdesc属性で指定しているH45-ref1.htmlへのリンクについては読み上げなかった。
■音声読み上げ
「会員数の遷移グラフ」",,,,,,,,
,H48-1,×,"■操作手順
「ボウルに…」「塩とコショウ…」と1,2を読み上げなかった
■音声読み上げ
「ボウルにたまごと牛乳を入れ、混ぜます。塩とコショウを加えます。 」",リスト項目を読み上げず、何項目中の何項目の読み上げもしなかった。,,,,,,,
,H48-2,×,"項目がいくつあるかについて、読み上げなかった。
■音声読み上げ
「牛乳、卵、バター」",リストなどいうこともなく、テスト開始からそのまま「牛乳」と読み上げていた。,,,,,,,
,H48-3,×,"■操作手順
「点滅」「一秒間に3…」とそのまま読み上げた
■音声読み上げ
「点滅」「一秒間に3〜5回点いたり消えたりすること。 」",リスト項目を読み上げず、何項目中の何項目の読み上げもしなかった。,,,,,,,
,H49-1,×,"■操作手順
特に強調した読み方はしていない。強調部分は区切って読んでいるだけである。
■音声読み上げ
「彼女が本当に言いたかったのは、""これは良いどころではなく、むしろ素晴らしい""ということだった」",Ctrl+矢印で読み上げると強調部分のところは続けて読まず、「本当に」と前後で区切っているが、読み上げの区別はつかない。,,,,,,,
,H49-2,×,"■操作手順
特に強調した読み方はしていない。強調部分は区切って読んでいるだけである。
引用元も特に強調されていない。
■音声読み上げ
「次の文章は、ヘレンケラーのわが人生の物語からの引用です。
ここが引用されているブロックです。ここが引用されているブロックです。ここが引用されているブロックです。ここが引用されているブロックです。ここが引用されているブロックです。ここが引用されているブロックです。」",Ctrl+矢印で読み上げると強調部分のところは続けて読まず、「本当に」と前後で区切っているが、読み上げの区別はつかない。引用元は続けて読むと一息おいているが、引用元だとはわからない。,,,,,,,
,H49-3,×,"■操作手順
引用であることがわかる読み方はしない。
■音声読み上げ
「ヘレン・ケラーは言いました、 ""自己憐憫は私たちの最悪の敵です。もし、それに自らを委ねるなら、 私たちは世の中で決して賢明なことができないでしょう。""」",引用が分かるような読み上げはしない,,,,,,,
,H49-4,×,"■操作手順
意図通りに読み上げなかったため、×とした。
■音声読み上げ
""Zn2+""　「ゼット エヌ ニ」　
""H2O""　「エイチ ニ オー」",なめらか読みの設定で「記号を読む」にチェックを入れておくことで、「プラス」を読み上げるようになる。,,,,,,,
,H50-1,×,"■操作手順
「製品カテゴリ、キッチン ベッドルーム・浴室 ダイニング 照明 収納、検索機能もご利用いただけます。」リストであることは読み上げない。また、スキップもできない。
■音声読み上げ
「製品カテゴリ、キッチン ベッドルーム・浴室 ダイニング 照明 収納、検索機能もご利用いただけます。」",リストとしてマークアップされている部分があることは、読み上げただけではわからない。スキップする機能がない。,,,,,,,
,H50-2,×,"■操作手順
「[ホーム] [検索] [更新情報] [サイトマップ] 」
1.map要素のタイトル属性値は読み上げなかった。
2.４つのリンクを読み飛ばすことはできない。
■音声読み上げ
「[ホーム] [検索] [更新情報] [サイトマップ] 」",mapのタイトルを読み上げない。またリンクを読み飛ばす機能はIEにはついていない。,,,,,,,
,H51,×,"■操作手順
「月曜」「火曜」→「8時〜9時」「サムと会う」「9時〜10時」「ウィリアムズ医師」「再度サムと会う」…とそのまま読み上げる。
■音声読み上げ
「月曜 火曜 水曜 木曜 金曜 、8時〜9時 サムと会う 、9時〜10時 ドリー先生  ウィリアムズ医師 再度サムと会う サンアントニオへ出発 」",行と列を関連付けた読み上げに対応した操作方法が見当たらない。,,,,,,,
,H53-1,×,"■操作手順
「テスト開始」→「テスト終了」と読み上げる。
■音声読み上げ
読み上げない。",代替テキストが読み上げられない（テキスト表示もされない）。,,,,,,,
,H53-2,×,"■操作手順
「テスト開始」→「テスト終了」と読み上げる。
■音声読み上げ
読み上げない。",読み上げない,,,,,,,
,H53-3,×,"■操作手順
「テスト開始」→「テスト終了」と読み上げる。
■音声読み上げ
読み上げない。",読み上げない,,,,,,,
,H56,×,"■操作手順
見た目と同じ昇順で読み上げられなかったので×。
■音声読み上げ
数字を並べます。「6789、（ろくせんななひゃくはちじゅうく）5 4 3 2 1」 昇順になっているはずです。",dir属性を認識していない,,,,,,,
,H57-1,-,テスト不要,,,,,,,,
,H57-2,-,テスト不要,,,,,,,,
,H57-3,-,テスト不要,,,,,,,,
,H63,×,"■操作手順
1列の見出しを読み上げなかった。
2．行の見出しを読み上げなかった。
■音声読み上げ
クリーブ・ロイド 410-306-1420 410-306-5400 バルチモア ・・・",,,,,,,,
,H64-1,×,"■操作手順
フレームセットのタイトルを「H64：例1のサンプルファイル」と読み上げた。
■音声読み上げ
「H64：例1のサンプルファイル」",各フレームについてはTab+Ctrlで、「ナビゲーションメニュー」「富士通、Fujitsu JAPAN」と読み上げる。,,,,,,,
,H64-2,×,"■操作手順
タブ移動すると、「富士通」と読み上げていて、「広告」とは読み上げない。
■音声読み上げ
「富士通、富士通ジャパン」",iFrameの使い方のあとは、FJサイトの中身を読み上げている。,,,,,,,
,H65-1,○,"■操作手順
「検索範囲を選択の選択」と読み上げている。
■音声読み上げ
「検索のエディット、文字入力、検索範囲を選択のコンボボックス、選択このサイト内」",,,,,,,,
,H65-2,○,"■操作手順
「市外局番を文字入力」「マイナス」「市内局番を文字入力」「マイナス」「加入者番号を文字入力」と読み上げる。画面上にも表示される
■音声読み上げ
「市外局番のエディット　文字入力」「市内局番のエディット、文字入力」「加入者番号のエディット、文字入力」",,,,,,,,
,H65-3,○,"■操作手順
「検索キーワードを入力の文字入力」と読み上げる。画面上にも表示される
■音声読み上げ
「検索キーワードを入力のエディット　文字入力、検索　ボタンのプッシュボタン確認」",,,,,,,,
,H67,○,"■操作手順
「テスト開始」と「テスト終了」の間に何も読み上げられなかった。
■読み上げ
読み上げない。",,,,,,,,
,H69,×,"■操作手順
各見出しにジャンプできない。フォーカスは移動しない。
■音声読み上げ
「共通メニュー、このサイトについて、お問合せ、メインコンテンツの見出し」",見出しジャンプの機能はなく、見出しジャンプできるショートカットキーもない。,,,,,,,
,H70,×,"■操作手順
1.左側のフレーム「ナビゲーションバー」右側のフレーム「富士通、FUJITSU JAPAN」と読み上げる。F6で移動可能。
2.フレームのリスト表示機能がない。
■音声読み上げ
「ナビゲーションバー」右側のフレーム「富士通、FUJITSU JAPAN」",フレームセットでの各フレームのタイトル属性は読み上げない。,,,,,,,
,H71-1,○,"■操作手順
tabキーでフォーカスを移動。
■音声読み上げ
「ハムレットの作者は？ ウィリアム・シェイクスピアのラジオボタン、選択
 ラドヤード・キップリングのラジオボタン、選択
 ジョージ・バーナード・ショーのラジオボタン、選択
 アーネスト・ヘミングウェイのラジオボタン、選択
 チャールズ・ディケンズのラジオボタン、選択 」",,,,,,,,
,H71-2,○,"■操作手順
tabキーでフォーカスを移動。
■音声読み上げ
「興味のある項目（当てはまるものはすべてチェック）
 写真のチェックボックス　切り替えチェックなし
 水彩画のチェックボックス　切り替えチェック
 アクリル画のチェックボックス　切り替えチェック 」",,,,,,,,
,H71-3,○,"■操作手順
tabキーでフォーカスを移動。
■音声読み上げ
「好きな哲学者は？ ソクラテス のラジオボタン選択、 プラトンのラジオボタン選択、 アリストテレスのラジオボタン選択 」",,,,,,,,
,H71-4,○,"■操作手順
tabキーでフォーカスを移動。
■音声読み上げ
「自宅住所　あて先のエディット、文字入力 　郵便番号のエディット、文字入力
送付先住所　あて先のエディット、文字入力、郵便番号のエディット、文字入力」",,,,,,,,
,H73-1,×,"■操作手順
summary属性値は読み上げられなかった。
■音声読み上げ
「勝どき駅前 築地 銀座4丁目 東京駅丸の内南口 、6:00 6:05 6:11 6:19 」",summary属性は読み上げられないので×。,,,,,,,
,H73-2,×,"■操作手順
captionは読み上げたが、summaryは読み上げられなかった。
「05番系統　バス時刻表（平日） 勝どき駅前 築地 銀座4丁目 東京駅丸の内南口 6:00 6:05 6:11 6:19 」（ろくぜろぜろ　と読み上げていた）
■音声読み上げ
「05番系統　バス時刻表（平日） 勝どき駅前 築地 銀座4丁目 東京駅丸の内南口 6:00 6:05 6:11 6:19 」",captionは読み上げたが、summaryは読み上げられなかったので×。,,,,,,,
,H77-1,×,"■読み上げ
「ウェブアクセシビリティ基盤委員会の詳細は、」

1.×：「ここをクリック」にフォーカスを移動させた状態で、「Ctrl+↑」でフォーカスがあたっている前文を読むことは可能だが、フォーカスがあたっている全文を読み上げることができないので、×
2.×：リンクを含めた1文を読み上げることができないので、×
",2012年4月修正,,,,,,,
,H77-2,×,"■読み上げ
「イメージを見る、リンク」

1.×：「デモ　ダウンロード」にフォーカスを移動させた状態で「Ctrl+↑」でフォーカスがあたっている前文を読むことは可能だが、フォーカスがあたっている全文を読み上げることができないので、×
2.×：リンクを含めた1文を読み上げることができないので、×",2012年4月修正,,,,,,,
,H78,×,"■読み上げ
「2004年6月に制定された日本工業規格のJIS X 8341-3が改定されました。」

1.×：「続きを読む」にフォーカスを移動させた状態で「Ctrl+↑」でフォーカスがあたっている前文を読むことは可能だが、フォーカスがあたっている全文を読み上げることができないので、×
2.×：リンクを含めた1文を読み上げることができないので、×
",2012年4月修正,,,,,,,
,H79,×,"1.×：セル見出しを読み上げることができないので×。
2.×：1番が読み上げることができなかったため、×。",2012年4月修正,,,,,,,
,H80-1,×,"1.×：該当するキー操作がない
2.×：1番が読み上げることができなかったため、×。",2012年4月修正,,,,,,,
,H80-2,×,"1.×：該当するキー操作がない
2.×：1番が読み上げることができなかったため、×。",2012年4月修正,,,,,,,
,H80-3,×,"1.×：該当するキー操作がない
2.×：1番が読み上げることができなかったため、×。",2012年4月修正,,,,,,,
,H81-1,×,"1.×：該当するキー操作がない
2.×：1番が読み上げることができなかったため、×。",2012年4月修正,,,,,,,
,H81-2,×,"1.×：該当するキー操作がない
2.×：1番が読み上げることができなかったため、×。",2012年4月修正,,,,,,,
,H84-1,○,"■操作手順
セレクトメニューで月を選択しても何も実行されず、[表示]ボタンを押下するとリンク先が表示された。
■音声読み上げ
月のコンボボックス　選択1月　年のエディット文字入力　表示のプッシュボタン確認",,,,,,,,
,H84-2,○,"■操作手順
セレクトメニューでオプションを選択しても何も実行されず、[実行]ボタンを押下するとリンク先が表示された。
■音声読み上げ
オプションのコンボボックス選択なし　実行のプッシュボタン　確認",,,,,,,,
,H85-1,×,"■操作手順
セレクトメニュー内でグルーピングしたラベルがわかるようには読み上げない。
■音声読み上げ
「好きな食べ物は何ですか？ のコンボボックス　選択りんご」",セレクトメニュー内でグルーピングされている「フルーツ」などは読み上げられなかった。,,,,,,,
,H85-2,×,"■操作手順
選択肢をグルーピングしているoptgroup要素のlabel属性値は読み上げない。「関連テクニック一覧のリストボックス」とだけ読み上げる。
■音声読み上げ
「関連テクニック一覧のリストボックス」",グルーピングしているラベル属性が読み上げられないので、×。,,,,,,,
,H86-1,×,"■操作手順
何も読み上げられなかった。
■音声読み上げ
読み上げない。",顔文字「（＾＾）」についての詳細情報や、情報は一切読み上げられなかった。,,,,,,,
,H86-2,×,"■操作手順
crl+↓でASCIIアートをスキップするまで進み、リンクをEnterすると「…代替テキストを利用するアート2」と読み上げスキップされる、その次には「テスト方法」が読み上げられる。
■音声読み上げ
「図1：蝶の絵のASCIIアート　ASCIIアートをスキップする」",,,,,,,,
,H86-3,×,"■操作手順
テキストを05ｔ1N r0xx0rz とだけ読み上げていた。
ツールチップの表示がされなかった。
■音声読み上げ
「オウファイブティワンエヌアールオーエックスエックスオーアールジィ」",,,,,,,,
,H91-1a,○,"■操作手順
フォーカスをあてると「富士通 リンク」と読み上げた
■音声読み上げ
「富士通 リンク」",,,,,,,,
,H91-1b,○,"■操作手順
フォーカスをあてると「富士通 リンク」と読み上げた
■音声読み上げ
「富士通 リンク」",,,,,,,,
,H91-1c,△,"■操作手順
フォーカスをあてると「公式ウェブサイト リンク」と読み上げた
■音声読み上げ
「公式ウェブサイト リンク」",画像の代替テキスト「富士通は読み上げられなかった,,,,,,,
,H91-2a,○,"■操作手順
フォーカスをあてると「保存の確認」と読み上げた
■音声読み上げ
「保存の確認」",,,,,,,,
,H91-2b,○,"■操作手順
フォーカスをあてると各ボタンのラベルを読み上げた
■音声読み上げ
「保存のプッシュボタン　確認　送信のプッシュボタン　確認　リセットのプッシュボタン　確認」",,,,,,,,
,H91-2c,○,"■操作手順
フォーカスをあてると「保存の確認」と読み上げた
■音声読み上げ
「保存の確認」",,,,,,,,
,H91-2d,○,"■操作手順
フォーカスをあてると「保存の確認」と読み上げた
■音声読み上げ
「保存の確認」",,,,,,,,
,H91-2e,△,"■操作手順
1プッシュボタンと読み上げた。
2.altの「保存」は読み上げなかった。
3.タイトル属性の「ファイルを保存する」は読み上げた。.
■音声読み上げ
「ファイルを保存するのプッシュボタン、確認」","2が×
titleは読み上げるがaltは読み上げない",,,,,,,
,H91-3a,○,"■操作手順
フォーカスをあてると「果物の種類の文字入力 バナナ」と読み上げた
■音声読み上げ
「果物の種類のエディット文字入力 バナナ」",,,,,,,,
,H91-3b,○,"■操作手順
フォーカスをあてると「果物の種類の文字入力 バナナ」と読み上げた
■音声読み上げ
「果物の種類のエディット文字入力 バナナ」",,,,,,,,
,H91-4,○,"■操作手順
チェックボックスにフォーカスが当たらない。
→テキストにフォーカスが当たっている状態なら、各チェックはOK。
「チーズのチェックボックス　切り替えチェック」と読み上げている。
■音声読み上げ
「チーズのチェックボックス切り替え、チェック」",,,,,,,,
,H91-5,○,"■操作手順
ラジオボタンにフォーカスがあたらない。
→テキストにフォーカスがあたっている状態でなら、それぞれのラベルとラジオボタンの情報について読み上げている。
■音声読み上げ
「赤のラジオボタン選択　青のラジオボタン選択　緑のラジオボタン選択」",,,,,,,,
,H91-6a,○,"■操作手順
フォーカスをあてると「数字の選択 ２」と読み上げた
■音声読み上げ
「数字のコンボボックス２」",,,,,,,,
,H91-6b,○,"■操作手順
フォーカスをあてると「数字の選択 ２」と読み上げた
■音声読み上げ
「数字のコンボボックス２」",,,,,,,,
,H91-7a,○,"■操作手順
フォーカスをあてると「コメントを入力の文字入力 ８７年前」と読み上げた
■音声読み上げ
「コメントを入力のエディット文字入力 ８７年前」",,,,,,,,
,H91-7b,○,"■操作手順
フォーカスをあてると「コメントを入力の文字入力 ８７年前」と読み上げた
■音声読み上げ
「コメントを入力のエディット文字入力 ８７年前」",,,,,,,,
,H91-8,○,"■操作手順
ラジオボタンにフォーカスがあたらない。
→テキストにフォーカスがあたっている状態でなら、それぞれのラベルとラジオボタンの情報について読み上げている。
■音声読み上げ
「色を選択してください:　赤のラジオボタン選択　青のラジオボタン選択　緑のラジオボタン選択」",,,,,,,,
,SCR2,○,"■読み上げ
「W3C ウェブ・アクセシビリティ・イニシアティブ、リンク」
「W3C 国際化活動 、リンク」",2012年4月修正,,,,,,,
,SCR16,○,"■操作手順
ダイアログメッセージを読み上げ、「OK」「キャンセル」が押下可能。
■音声読み上げ
「残り20秒でページを更新します。時間を延長しますか？EnterでOK、Escはキャンセル」",,,,,,,,
,SCR18,○,"■音声読み上げ
正しく読み上げた。
文字入力 aaa
送信の確認
マイクロソフトインターネットエクスプローラー　の警告メッセージ　有効な日付ではありません。入力しなおしてください。　改行　aaa　エンター　は　オーケー",,,,,,,,
,SCR20-1,○,"■読み上げ
「ダイヤログを表示、リンク」（Tabの場合。全文読みはリンクといわない）
",2012年4月修正,,,,,,,
,SCR20-2,△,"1.×：キーボード操作
フォーカスが当たるとすぐにダイアログが表示されてしまう。その後Ｅｎｔerおしてキーをはなすとダイアログが表示される。
求めている動きはできるが、その手前で違う動きをしたために×とした
■読み上げ
「ダイアログを表示」を読み上げる前にダイアログが出てきて「マイクロソフトインターネットエクスプローラーの警告メッセージ、ＪａｖaScriptは有効です。ＥｎｔｅｒはＯＫ」と読み上げる。",2012年4月修正,,,,,,,
,SCR20-3,○,"■読み上げ
「ダイアログを表示」を読み上げ、Enterを押すとダイアログが出てきて「マイクロソフトインターネットエクスプローラーの警告メッセージ、ＪａｖaScriptは有効です。ＥｎｔｅｒはＯＫ」と読み上げる。",2012年4月追加,,,,,,,
,SCR20-4,○,"■読み上げ
「マイクロソフトインターネットエクスプローラーの警告メッセージ、ＪａｖaScriptは有効です。ＥｎｔｅｒはＯＫ」",2012年4月追加,,,,,,,
,SCR20-5,○,"■読み上げ
「ダイアログを表示、リンク」を読み上げ、Tabキーをおすと２つダイアログが出てくる。そのうちの手前のダイアログのみ以下のように読み上げる「マイクロソフトインターネットエクスプローラーの警告メッセージ、ＪａｖaScriptは有効です。ＥｎｔｅｒはＯＫ」",2012年4月追加,,,,,,,
,SCR21,○,"■操作手順
1： [送信] ボタンを押下した後、「入力エラー」というテキストリンクの見出しが読み上げられた。
2：テキストリンク「入力エラー」を押下すると、エラーメッセージ「電話番号を正しく入力してください。」を読み上げた。
3：エラーメッセージ「電話番号を正しく入力してください。」を押下すると、「電話番号」のテキストフィールドを読み上げた。
4：エラーメッセージ「FAX番号を正しく入力してください。」を押下すると、「FAX番号」のテキストフィールドを読み上げた。
■音声読み上げ
「入力エラー　電話番号を正しく入力してください。　電話番号のエディット、文字入力」",,,,,,,,
,SCR22,○,"■操作手順
テキスト「新商品！」（！については特に読み上げていない）を読み上げた。
■音声読み上げ
「新商品」",,,,,,,,
,SCR26,○,"■読み上げ
「展開、リンク」「コンテンツ、リンク」",2012年4月修正,,,,,,,
,SCR28-1,○,"■操作手順
1「以下にある、リンク「メニュー」をマウス操作でクリックするか、又はキーボード操作でフォーカスをあててEnterキーを押下すると、4つのリンクの表示/非表示が切り替えられます。メニュー、メインコンテンツ。」と読み上げていく。

2.「以下にある、リンク「メニュー」をマウス操作でクリックするか、又はキーボード操作でフォーカスをあててEnterキーを押下すると、4つのリンクの表示/非表示が切り替えられます。メニュー、リンク 1 リンク 2 リンク 3 リンク 4  、メインコンテンツ。」と読み上げていく。
■音声読み上げ
「以下にある、リンク「メニュー」をマウス操作でクリックするか、又はキーボード操作でフォーカスをあててEnterキーを押下すると、4つのリンクの表示/非表示が切り替えられます。メニュー、メインコンテンツ。」

「以下にある、リンク「メニュー」をマウス操作でクリックするか、又はキーボード操作でフォーカスをあててEnterキーを押下すると、4つのリンクの表示/非表示が切り替えられます。メニュー、リンク 1 リンク 2 リンク 3 リンク 4  、メインコンテンツ。」",,,,,,,,
,SCR28-2,○,"■操作手順
1.「以下にある、[目次の表示 / 非表示]ボタンをマウス操作でクリックするか、又はキーボード操作でフォーカスをあててEnterキーを押下すると、目次の内容の表示/非表示が切り替わります。目次の表示 / 非表示 目次、セクション 1のリンク」と読み上げる。ボタン押下したあと、「セクション 1のリンク」へ移動する。
2.「以下にある、[目次の表示 / 非表示]ボタンをマウス操作でクリックするか、又はキーボード操作でフォーカスをあててEnterキーを押下すると、目次の内容の表示/非表示が切り替わります。目次の表示 / 非表示 目次、セクション 1のリンク」
■音声読み上げ
1.「セクション 1、セクション 2 、セクション 3 、セクション 4 、セクション 1のリンク」
2.「セクション 1、セクション 2 、セクション 3 、セクション 4 、セクション 1のリンク」",,,,,,,,
,SCR30,○,"「リンクラベルを拡張する、ウェブの歴史: Word版 ウェブの歴史, PDF版 ウェブの歴史, HTML版 ウェブの歴史、こだわりの料理: Word版 こだわりの料理, PDF版 こだわりの料理, HTML版 こだわりの料理」と読み上げる。 
■音声読み上げ
「リンクラベルを拡張する、ウェブの歴史: Word版 ウェブの歴史, PDF版 ウェブの歴史, HTML版 ウェブの歴史、こだわりの料理: Word版 こだわりの料理, PDF版 こだわりの料理, HTML版 こだわりの料理」",,,,,,,,
,SCR32,○,"■操作手順
1.エラーメッセージの下にリストが表示されていた。
2.表示されると同時に「3つの入力項目に入力エラーがあります。」と読み上げた。
■音声読み上げ
「3つの入力項目に入力エラーがあります。」
3.Tabキーを押下すると該当項目のリストにフォーカスが移動して読み上げた。
「3つの入力項目に入力エラーがあります。氏名 [必須]年齢 [必須]E-mailアドレス [必須]」
4.リスト項目でEnterキーを押下すると、その項目のテキストフィールドにフォーカスが移動した。",,,,,,,,
,SCR33,○,"■操作手順
「このテキストはスクロールします。Javascript及びCSSがサポートされていて、どちらも有効な場合は、一時停止/スクロールのリンクが表示されます。」が読み上げられた。
■音声読み上げ
「このテキストはスクロールします。Javascript及びCSSがサポートされていて、どちらも有効な場合は、一時停止/スクロールのリンクが表示されます。」",,,,,,,,
,SCR35-1,-,テスト不要,,,,,,,,
,SCR35-2,○,"■操作手順
1JavaScriptオン：ブラウザの設定でJavaScriptをオンにして、リンク「JavaScriptを実行するリンク」を押下して、リンク先の富士通サイトへ移動可能。.
2.JavaScriptオフ：ブラウザの設定でJavaScriptをオフにして、リンク「JavaScriptを実行するリンク」を押下して、代替ページへ移動可能。
■音声読み上げ
「以下のリンクは、onclickイベントでリンクを起動します。
JavaScriptが有効な場合：「富士通株式会社の公式サイト」へ移動します。 
JavaScriptが無効な場合：代替ページへ移動します。 
JavaScriptを実行するリンク」
「このページはJavaScript設定が無効な場合の代替ページです。 富士通株式会社の公式サイト 」",,,,,,,,
,SCR35-4,-,テスト不要,,,,,,,,
,SCR35-5,-,テスト不要,,,,,,,,
,SCR35-6,-,テスト不要,,,,,,,,
,SCR36,○,"■操作手順
テキストがスクロールしていても、「webというのは、〜」と読み上げた。
テキストが静止していても、「webというのは、〜」と読み上げた。
■音声読み上げ
「テキストをすべて表示のプッシュボタン確認　Webというのは、・・・」",Shiftをおして読み上げさせた。,,,,,,,
,SCR37,○,ダイアログがでてくるが、Tabキーをおすまで読み上げない,2012年4月修正,,,,,,,
,,,,,,,,,,,
,この作品は、クリエイティブ・コモンズ・ライセンスの下でライセンスされています,,,,,,,,,,
,,,,,,,,,,,
,,,利用許諾条件（表示 - 継承 2.1 日本）の確認 ,,,,,,,,
,,,,,,,,,,,
,原著作者：富士通デザイン株式会社,,,,,,,,,,
,作成者：ウェブアクセシビリティ基盤委員会　実装ワーキンググループ（WG2）,,,,,,,,,,
,作成日： 2010年8月20日,,,,,,,,,,
,最終更新日：2012年5月10日,,,,,,,,,,
