,Firefox 9.0　アクセシビリティサポーテッド検証結果 [等級A]  2012年4月版,,,,,記号の説明,,,,,,
,＊ この検証結果は、ウェブアクセシビリティ基盤委員会 実装ワーキンググループ（WG2）が提供する参考情報であり、予告なく変更されることがあります。,,,,,○,サポートあり,,,,,
,＊ この情報をご利用になる前に、ライセンス（利用許諾条項）と免責事項を必ずご確認ください。,,,,,△,一部サポート,,,,,
,＊最新版は、ウェブアクセシビリティ基盤委員会のサイトでご確認ください（http://waic.jp/docs/jis2010/as.html）。,,,,,×,サポートなし,,,,,
,,,,,,？,判定できず,,,,,
,,,,,,-,テスト不要（N/A）,,,,,
," Windows 7, Firefox9.0, 支援技術なし",,,,,,,,,,,
,"テストファイル
No.","検証結果
○/△/×/?/-",操作手順,備考,,,,,,,,
,C006,○,2段組のレイアウトで、左側の段に「野菜」の定義リスト（きゅうり、なす、大根）、右側の段に「果物」の定義リスト（りんご、みかん）が、それぞれ並んで表示されることを確認,,,,,,,,,
,C007,○,「ワシントンは、経済成長を促すためのプランを発表しました」が通常のテキストで表示され、その右の「全文」だけがリンクで表示されるか確認,,,,,,,,,
,C008,○,「東」と「京」、「京」と「都」の間に1文字分のスペースがあることを確認,,,,,,,,,
,C009-1,○,"1:スタイルシート適用を以下のやり方でオフにした。
表示＞スタイルシート
「スタイルシートを使用しない」を選択して実施
背景画像が非表示になることを確認
2:ブラウザのメニューでテキストの文字サイズを変更しておいたり、以下の方法でハイコントラスト表示にした
コントロール パネル→個人設定からハイコントラストを選択し、設定。
過文字サイズを変更しておいたり、ハイコントラスト表示にしておいたりした場合、CSSをオフにしてもそのままの設定で閲覧ができることを確認","1:○
2:○",,,,,,,,
,C009-2,○,マウスを「経済産業省」の上に置くと、テキストの背景の色がオレンジ色に変わることを確認,,,,,,,,,
,C009-3,○,"1:スタイルシート適用を以下のやり方でオフにした。
表示＞スタイルシート
「スタイルシートを使用しない」を選択して実施
背景画像（角丸の囲み枠など）が非表示になることを確認
2:ブラウザのメニューでテキストの文字サイズを変更しておいたり、以下の方法でハイコントラスト表示にした
コントロール パネル→個人設定からハイコントラストを選択し、設定。
過文字サイズを変更しておいたり、ハイコントラスト表示にしておいたりした場合、CSSをオフにしてもそのままの設定で閲覧ができることを確認","1:○
2:○",,,,,,,,
,G001-1,○,"1:「メインコンテンツへスキップ」が常に画面に表示されることを確認
2:メインコンテンツへスキップ」にフォーカスを移動させてリンクを押下した後、次にTabキーを押下すると「PCサーバ「PRIMERGY」」にフォーカスが移動することを確認","1:○
2:○",,,,,,,,
,G001-2,○,"1:「メインコンテンツへスキップ」が画面に表示されていないことを確認
2:「メインコンテンツへスキップ」にフォーカスを移動させるとリンクが表示されることを確認
3:「メインコンテンツへスキップ」を押下した後、次にTabキーを押下すると「PCサーバ「PRIMERGY」」にフォーカスが移動することを確認","1:○
2:○
3:○",,,,,,,,
,G014-1,‐,テスト不要,,,,,,,,,
,G014-2,‐,テスト不要,,,,,,,,,
,G014-3,‐,テスト不要,,,,,,,,,
,G014-4,‐,テスト不要,,,,,,,,,
,G021,×,「HTMLのリンク 1」へ移動させた後、Tabキーを押下するとFlashムービーにフォーカスがあたり、次にTabキーを押すと、内のボタン「富士通トップページへ」にフォーカスが移動する。そこからFlashムービーから外へ出て「HTMLのリンク2」に移動することを確認,"×:「富士通トップページへ」にフォーカスが移動したところでフォーカス移動不可となる。昔からある既知のバグと思われます。

Flashplayer Version: 11,1,102,55",,,,,,,,
,G053,‐,,,,,,,,,,
,G088-1,○,タイトルバーにページタイトル「自己適合宣言｜ウェブアクセシビリティ基盤委員会」が表示されることを確認,,,,,,,,,
,G090-1,○,"1:ボタン画像をクリックすると、画像が灰色に白いロゴのものに切り替わることを確認
2:ボタン画像にフォーカスを移動させてEnterキーなどを押下すると、画像が灰色に白いロゴのものに切り替わることを確認
","1:○
2:○",,,,,,,,
,G090-2,○,"1:ボタン画像をクリックしてマウスが離れると、画像が灰色に白いロゴのものに切り替わることを確認
2:ボタン画像にフォーカスを移動させてEnterキーなどを押下、キーをあげると、画像が灰色に白いロゴのものに切り替わることを確認","1:○
2:○",,,,,,,,
,G090-3,○,"1:ボタン画像にマウスポインタを乗せる（マウスオーバーする）と、画像が灰色に白いロゴのものに切り替わることを確認
2:ボタン画像にフォーカスを移動させると、画像が灰色に白いロゴのものに切り替わることを確認","1:○
2:○",,,,,,,,
,G090-4,○,"1:ボタン画像にマウスポインタを乗せた後にマウスポインタを外すと、画像が灰色に白いロゴのものに切り替わることを確認
2:ボタン画像にフォーカスを移動させた後にフォーカスを外すと、画像が灰色に白いロゴのものに切り替わることを確認","1:○
2:○",,,,,,,,
,G090-5,○,"1:ボタン画像をクリックすると、画像が灰色に白いロゴのものに切り替わることを確認
2:ボタン画像にフォーカスを移動させてEnterキーなどを押下すると、画像が灰色に白いロゴのものに切り替わることを確認","1:○
2:○",,,,,,,,
,G091,○,"1:テキストリンクをクリックして、リンク先のページへ移動することを確認
2:テキストリンクにフォーカスを移動させて、キー操作によりリンク先のページへ移動することを確認","1:○
2:○",,,,,,,,
,G096-1,‐,テスト不要,,,,,,,,,
,G096-2,‐,テスト不要,,,,,,,,,
,G096-3,‐,テスト不要,,,,,,,,,
,G107,○,"1:「用語解説 (新しいウィンドウで表示)」にマウスポインタを置いただけでは何も起こらずに、リンクをクリックしたときだけリンク先が別ウィンドウで開くことを確認
2:「用語解説 (新しいウィンドウで表示)」にフォーカスを移動させただけでは何も起こらずに、リンクを押下したときだけリンク先が別ウィンドウで開くことを確認","1:○
2:○",,,,,,,,
,G108,‐,テスト不要,,,,,,,,,
,G115-1,○,リンクであることが分かるように文字色が変わり、下線があることを確認,○：青い文字で下線があることを確認,,,,,,,,
,G115-2,○,"1.「吾輩は猫である」が、引用元であることが分かるように斜体（イタリック）で表示されているかを確認
2.「吾輩は猫である。名前はまだ無い。･･･思わなかった。」が、引用部分であることが分かるようにインデントされて表示されているかを確認","1:○
2:○",,,,,,,,
,G115-3,○,「ギアがニュートラルにあることを確認してください」が太字で強調されていることを確認,,,,,,,,,
,G115-4,○,"以下の方法でスタイルシートを無効にした。
表示メニュー＞スタイル＞スタイルを使用しないを選択
1:em要素（「本当に」）又はstrong要素（「素晴らしい」）でマークアップした箇所を他とは区別のつく見た目で表示されることを確認
2:em要素とstrong要素のと区別がつくようには表示されることを確認","1:○：「素晴らしい」の部分が太字になっていることを確認
2:○：「本当に」がイタリックで、「素晴らしい」が太字になっていることを確認",,,,,,,,
,G115-5,○,"1.em要素でマークアップされた「痛烈な」の背景色がCSSで指定したシアンで表示されていることを確認
2.em要素でマークアップされた「痛烈な」が標準のフォントスタイルで表示されていることを確認","1:○
2:○",,,,,,,,
,G117,‐,テスト不要,,,,,,,,,
,G122,‐,テスト不要,,,,,,,,,
,G123-4a,○,"1:4つのスキップリンクは常に表示されることを確認
2:「メイン ナビゲーションをスキップ」を押下した後、Tabキーを押すと「サブ ナビゲーションをスキップ」にフォーカスが移動することを確認
3:：「サブ ナビゲーションをスキップ」を押下した後、Tabキーを押すと「ウルトラ サブ ナビゲーションをスキップ」にフォーカスが移動することを確認
4:：「ウルトラ サブ ナビゲーションをスキップ」を押下した後、Tabキーを押すとリンク「アクセシビリティ」にフォーカスが移動することを確認",,,,,,,,,
,G123-4b,○,"1:4つのスキップリンクは表示されていないことを確認
2:「メイン ナビゲーションをスキップ」にフォーカスを移動すると表示され、それを押下した後、Tabキーを押すと「サブ ナビゲーションをスキップ」にフォーカスが移動することを確認
3:「サブ ナビゲーションをスキップ」にフォーカスを移動すると表示され、それを押下した後、Tabキーを押すと「ウルトラ サブ ナビゲーションをスキップ」にフォーカスが移動することを確認
4:「ウルトラ サブ ナビゲーションをスキップ」にフォーカスを移動すると表示され、それを押下した後、Tabキーを押すとリンク「アクセシビリティ」にフォーカスが移動することを確認",,,,,,,,,
,G124-1,○,"1:3つのスキップリンクは常に表示されていることを確認
2:「メインコンテンツへスキップ」を押下した後、次にTabキーを押下するとリンク「メインコンテンツにあるリンク」にフォーカスが移動することを確認
3:「検索ボックスへスキップ」を押下した後、次にTabキーを押下すると検索のテキストフィールドにフォーカスが移動することを確認
4:「メインメニューへスキップ」を押下した後、次にTabキーを押下するとリンク「このサイトについて」にフォーカスが移動することを確認","1:○
2:○
3:○
4:○",,,,,,,,
,G124-2,○,"1:表示：3つのスキップリンク「メインコンテンツへスキップ」「検索ボックスへスキップ」「メインメニューへスキップ」は常に表示されておらず、フォーカスが当たった時だけ表示されることを確認
2:スキップリンク「メインコンテンツへスキップ」を押下した後、次にTabキーを押下するとリンク「メインコンテンツにあるリンク」にフォーカスが移動することを確認
3:「検索ボックスへスキップ」を押下した後、次にTabキーを押下すると検索のテキストフィールドにフォーカスが移動するかを確認
4:「メインメニューへスキップ」を押下した後、次にTabキーを押下するとリンク「このサイトについて」にフォーカスが移動するかを確認","1:○
2:○
3:○
4:○",,,,,,,,
,G138,○,strong要素でマークアップされた「[必須]」が、強調されていることが分かるように、他のテキストとは区別がつくように表示されるか確認（例：太字で表示される） ,,,,,,,,,
,G187,○,何らかのキー操作により、画像の点滅を静止できるかを確認,○：escを押下すると点滅を止めることができる,,,,,,,,
,G196-1,○,"画像を以下のやり方で非表示にした。
ツール＞オプション＞コンテンツ
「画像を自動的に読み込む」のチェックをオフにする
画像の代わりに代替テキスト「5つ星中、星3個」が表示されるかを確認",,,,,,,,,
,G196-2,○,"画像を以下のやり方で非表示にした。
ツール＞オプション＞コンテンツ
「画像を自動的に読み込む」のチェックをオフにする
画像の代わりに代替テキスト「5つ星中、星3個」が表示されるかを確認",,,,,,,,,
,H002-1,○,アイコン画像が表示されず、代替テキストも表示されないことを確認,,,,,,,,,
,H002-2,○,アイコン画像の代わりに、代替テキスト「富士通株式会社」が表示されることを確認,,,,,,,,,
,H004-1,○,"以下のようにフォーカスが移動することを確認
「夫の姓」→「夫の名」→「夫の出身地」→「妻の姓」→「妻の名」→「妻の出身地 」",,,,,,,,,
,H004-2,○,"以下のようにフォーカスが移動することを確認
「テキストフィールド」→「[検索ボタン]」→「携帯サイト」→「サイトマップ」",,,,,,,,,
,H004-3a,○,"以下のようにフォーカスが移動することを確認
「リンク 1」→「リンク 3」→「リンク 2」→「リンク 4」",,,,,,,,,
,H004-3b,○,"以下のようにフォーカスが移動することを確認
「リンク 1」→「リンク 2」→「リンク 21」→「リンク 3」→「リンク20」",,,,,,,,,
,H024,×,"画像を以下のやり方で非表示にした。
ツール＞オプション＞コンテンツ
「画像を自動的に読み込む」のチェックをオフにする
area要素のalt属性に記述した代替テキストは表示されることを確認",×：ブラウザの設定を画像非表示にした際に、代替テキスト「S棟（ソリューション）棟」及び「O棟（オフィス）棟」及び「C棟（共通）棟」は表示されず、「富士通ソリューションスクエアの建物配置図です。詳細については各建物を選んでご覧ください。」が表示された。,,,,,,,,
,H025,○,ページタイトル「ワールドワイドウェブコンソーシアム」がタイトルバーに表示されていることを確認,,,,,,,,,
,H030-1,‐,テスト不要,,,,,,,,,
,H030-2,○,"画像を以下のやり方で非表示にした。
ツール＞オプション＞コンテンツ
「画像を自動的に読み込む」のチェックをオフにする
リンク画像の代わりに代替テキストが表示されるかを確認",,,,,,,,,
,H030-3,○,"画像を以下のやり方で非表示にした。
ツール＞オプション＞コンテンツ
「画像を自動的に読み込む」のチェックをオフにする
リンク画像の代わりに何も表示されないかを確認",,,,,,,,,
,H030-4,○,"画像を以下のやり方で非表示にした。
ツール＞オプション＞コンテンツ
「画像を自動的に読み込む」のチェックをオフにする
ブラウザの設定を変更して画像非表示にした際に、アイコン画像の代わりに何も表示されず、テキストリンクだけが表示されるかを確認",,,,,,,,,
,H030-5,○,"画像を以下のやり方で非表示にした。
ツール＞オプション＞コンテンツ
「画像を自動的に読み込む」のチェックをオフにする
アイコン画像の代わりに代替テキスト「PDFファイル」が表示されるかを確認",,,,,,,,,
,H032-1,○,"1:マウス操作：[申し込む]ボタンを押下すると、フォームが送信されるかを確認
2:キーボード操作：[申し込む]ボタンを押下すると、フォームが送信されるかを確認","1:○
2:○",,,,,,,,
,H032-2,○,"1:マウス操作：セレクトメニューで選択肢を選んだだけでは何も起こらず、[選択したページへ移動する]ボタンをクリックすると選択したページへリダイレクトされるかを確認 
2:キーボード操作：セレクトメニューで選択肢を選んだだけでは何も起こらず、[選択したページへ移動する]ボタンを押下すると選択したページへリダイレクトされるかを確認","1:○
2:○",,,,,,,,
,H033-1,△,"1:マウス操作：マウスポインタをリンク上に置いた際に、ツールチップでtitle属性値「富士通株式会社の公式サイト」が表示されるかを確認 
2:キーボード操作：リンクにフォーカスを移動させた際に、ツールチップでtitle属性値「富士通株式会社の公式サイト」が表示されるかを確認","1:○
2:×：リンクにフォーカスを移動させても、ツールチップでtitle属性は表示されなかった",,,,,,,,
,H033-2,△,"1:リンク「富士通 公開サイト」にtitle属性値による補足説明があることが分かるように表示されるかを確認
2:マウス操作：リンク「富士通 公開サイト」にマウスポインタを置いた際に、title属性値「新しいウィンドウで開く」がツールチップで表示されるかを確認
3:キーボード操作：リンク「富士通 公開サイト」にフォーカスを移動させた際に、title属性値「新しいウィンドウで開く」がツールチップで表示されるかを確認 ","1:×：リンクによる下線であり、title属性としての補足説明が表示されていない
2:○
3:×：キーボード操作で「富士通公開サイト」にフォーカスが移動した時、ツールチップは表示されなかった",,,,,,,,
,H035,○," 以下のやり方でappletを非表示（無効）にする
> ツール > アドオン > プラグイン > Java? Platform SE 6 を無効化。
アプレットを非表示（無効）にした際に、alt属性「三目並べゲーム(alt属性値)」又はapplet要素のボディに記述した代替テキスト「三目並べゲーム(applet要素のボディ)」が表示されるかを確認",,,,,,,,,
,H036,○,"画像を以下のやり方で非表示にした。
ツール＞オプション＞コンテンツ
「画像を自動的に読み込む」のチェックをオフにする
画像の代わりに代替テキスト「送信」が表示されるかを確認",,,,,,,,,
,H037-1,○,"画像を以下のやり方で非表示にした。
ツール＞オプション＞コンテンツ
「画像を自動的に読み込む」のチェックをオフにする
画像の代わりに代替テキスト「東京駅構内図を見る」が表示されるを確認",,,,,,,,,
,H037-2,○,"画像を以下のやり方で非表示にした。
ツール＞オプション＞コンテンツ
「画像を自動的に読み込む」のチェックをオフにする
caption要素で記述した「3月6日の週の予定」がデータテーブルの表題として表示されるかを確認する",,,,,,,,,
,H039,○,「3月6日の週の予定」とデータデーブルの表題として表示されてることを確認,,,,,,,,,
,H042,○,見出しとしてマークアップされている「本日の株式市場」(h1)、「サイト内ナビゲーション」(h2)、「関連リンク」(h2)が、それぞれ見出しであることが分かるように表示されるかを確認する（例：サイズの大きい太字のテキストで、h1の見出しがh2の見出しよりもサイズが大きい）,,,,,,,,,
,H043,‐,テスト不要,,,,,,,,,
,H044-1,○,マウス操作：マウスポインタでラベル（テキスト）「お名前」をクリックして、テキストフィールドにフォーカスが移動するかを確認,,,,,,,,,
,H044-2,○,マウスポインタでラベル（テキスト）「HTML」をクリックして、チェックボックスの状態（「チェックあり」と「チェックなし」）を切り替えることができるかを確認,,,,,,,,,
,H044-3,○,マウス操作：　ラジオボタンのラベル（「チョコレートタイプ」、「クリームたっぷりタイプ」、「はちみつがけタイプ」）をマウスポインタでクリックすると、それぞれのラジオボタンが選択された状態になるかを確認,,,,,,,,,
,H045,×,"画像を以下のやり方で非表示にした。
ツール＞オプション＞コンテンツ
「画像を自動的に読み込む」のチェックをオフにする
代替テキスト「会員数の遷移グラフ」が表示され、あわせてlongdesc属性で指定しているH45-ref1.htmlへのリンクが提示されるかを確認",×：代替テキストの「会員数の推移グラフ」が表示されるが、リンクが提示されなかった,,,,,,,,
,H048-1,○,各リスト項目の先頭に数字が順に表示されるかを確認,,,,,,,,,
,H048-2,‐,テスト不要,,,,,,,,,
,H048-3,○,用語と定義が区別できるように表示されるか（例：定義がインデントされる） を確認,,,,,,,,,
,H049-1,○,"スタイルシート適用を以下のやり方でオフにした。
表示＞スタイルシート
「スタイルシートを使用しない」を選択して実施
1:「本当に」がイタリック、「素晴らしい」が太字で表示され、他と区別がつき、かつお互いの区別もつく見た目になっていることを確認
2:「本当に」がイタリック、「素晴らしい」が太字区別がつくかを確認","1:○（em要素、strong要素共にOK）
2:○（em要素、strong要素共にOK）",,,,,,,,
,H049-2,○,"スタイルシート適用を以下のやり方でオフにした。
表示＞スタイルシート
「スタイルシートを使用しない」を選択して実施
1:「わが人生の物語」がイタリック表示、「ここが引用されている・・・」以降がインデントされ、他と区別がつくレンダリングになっていることを確認
2:「ここが引用されている･･･」でインデントされ、他と区別がつくレンダリングになっていることを確認","1:○
2:○",,,,,,,,
,H049-3,○,"q要素でマークアップした部分「自己憐憫は･･･でしょう」の前後に引用符（""）が一つずつ表示されるか（引用符が2つ続いて表示されていないか）を確認",,,,,,,,,
,H049-4,○,"1:sup要素でマークアップされた""Zn2+""の""2+""が、上付き文字として表示されていることを確認
2:sub要素でマークアップされた""H2O""の""2""が、下付き文字で表示されていることを確認","1:○
2:○",,,,,,,,
,H050-1,×,キー操作で、リスト全体をスキップすることができることを確認,,,,,,,,,
,H050-2,‐,テスト不要,,,,,,,,,
,H051,○,列見出しセルと行見出しセルが、データセルと区別がつくように太字で表示されていることを確認,,,,,,,,,
,H053-1,○,「ここには、オブジェクトとその動作についての説明が入ります。」という代替テキストが表示されるかを確認,,,,,,,,,
,H053-2,○,富士通のロゴ画像が表示されることを確認,,,,,,,,,
,H053-3,○,"1:富士通のロゴ画像が表示されることを確認
2:画像を以下のやり方で非表示にした。
ツール＞オプション＞コンテンツ
「画像を自動的に読み込む」のチェックをオフにする
画像非表示にすると、代替テキスト「富士通」が表示されることを確認","1:○
2:○",,,,,,,,
,H056,○,"「1, 2, 3, 4, 5, 、, 6789, 。 」という並び順で表示されることを確認",,,,,,,,,
,H057-1,○,「本テスト対象のコードは別ファイルになっています。」のリンク先のページが英語「The power of the Web is in its universality. Access by everyone regardless of disability is an essential aspect.」で表示されるか確認,,,,,,,,,
,H057-2,○,「本テスト対象のコードは別ファイルになっています。」のリンク先のページが英語「The power of the Web is in its universality. Access by everyone regardless of disability is an essential aspect.」で表示されるか確認,,,,,,,,,
,H057-3,○,「本テスト対象のコードは別ファイルになっています。」のリンク先のページが英語「The power of the Web is in its universality. Access by everyone regardless of disability is an essential aspect.」で表示されるか確認,,,,,,,,,
,H063,-,テスト不要,,,,,,,,,
,H064-1,‐,テスト不要,,,,,,,,,
,H064-2,‐,テスト不要,,,,,,,,,
,H065-1,△,"1:マウスポインタをセレクトメニュー上に置いた際に、「検索範囲を選択」がツールチップとして表示されるかを確認
2:フォーカスがセレクトメニュー上に移動させた際に、「検索範囲を選択」がツールチップとして表示されるかを確認","1:○　
2:×：キーボード操作の場合はフォーカスが上にきてもツールチップが表示されない。",,,,,,,,
,H065-2,△,"1:マウスポインタを各テキストフィールド上に置いた際に、それぞれ「市外局番」、「市内局番」、「加入者番号」がツールチップとして表示されるかを確認
2:キーボード操作（タブキー）で各テキストフィールドにフォーカスを移動させた際に、それぞれ「市外局番」、「市内局番」、「加入者番号」がツールチップとして表示されるか確認","1:○　
2:×：各テキストフィールドにフォーカスを移動させても、それぞれの「市外局番」、「市内局番」、「加入者番号」がツールチップとして表示されなかった",,,,,,,,
,H065-3,△,"1:マウスポインタを置いた際に、「検索キーワードを入力」がツールチップとして表示されていることを確認
2:Tabキーでフォーカスを移動させ、「検索キーワードを入力」がツールチップとして表示されていることを確認","1:○　
2:×：Tabキーでフォーカスを移動させたが、「検索キーワードを入力」がツールチップとして表示されなかった",,,,,,,,
,H067,○,"画像を以下のやり方で非表示にした。
ツール＞オプション＞コンテンツ
「画像を自動的に読み込む」のチェックをオフにする
代替テキストが表示されないことを確認",,,,,,,,,
,H069-1,×,"1:キーボード操作で各見出しへ順にフォーカスできるか確認
2:キーボード操作で各見出しへ順に逆の順番でフォーカス移動できるか確認","1:×：見出しに移動できるショートカットキーはない
2:×：見出しに移動できるショートカットキーはない",,,,,,,,
,H070,○,"1.フレーム間を移動する「F6」のキー操作により、メインコンテンツのフレームを選択して（「ナビゲーションバー」のフレーム内にあるリンクをスキップして）メインコンテンツのフレーム内にフォーカスを移動できるかを確認 
2.フレームのリスト表示機能がある場合は、title属性値「メインコンテンツ」を選択してメインコンテンツのフレーム内にフォーカスを移動できるかを確認","1:○
2:×：フレームのリスト表示機能はない",,,,,,,,
,H071-1,○,「ハムレットの作者は？」が、5つのラジオボタンをグルーピングしたラベルと分かるよう枠線で囲われているように表示されるかを確認,,,,,,,,,
,H071-2,○,「興味のある項目（当てはまるものはすべてチェック）」が、3つのチェックボックスをグルーピングしたラベルと分かるよう枠線で囲われているように表示されるかを確認,,,,,,,,,
,H071-3,○,「好きな哲学者は？」が、3つのラジオボタンをグルーピングしたラベルと分かるように枠線で囲われているように表示されるかを確認,,,,,,,,,
,H071-4,○,「自宅住所」、「送付先住所」が、それぞれ2つのテキストフィールド（「あて先」と「郵便番号」）をグルーピングしたラベルと分かることを確認,,,,,,,,,
,H073-1,‐,テスト不要,,,,,,,,,
,H073-2,‐,テスト不要,,,,,,,,,
,H077-1,‐,テスト不要,,,,,,,,,
,H077-2,‐,テスト不要,,,,,,,,,
,H078,‐,テスト不要,,,,,,,,,
,H079,‐,テスト不要,,,,,,,,,
,H080-1,‐,テスト不要,,,,,,,,,
,H080-2,‐,テスト不要,,,,,,,,,
,H080-3,‐,テスト不要,,,,,,,,,
,H081-1,‐,テスト不要,,,,,,,,,
,H081-2,‐,テスト不要,,,,,,,,,
,H084-1,○,"1:セレクトメニューでオプション（1月、2月、12月）を選択しても何も実行されず、[実行]ボタンをマウスでクリックするとそれぞれのリンク先が表示されることを確認
2:セレクトメニューでオプションを選択しても何も実行されず、[実行]ボタンを押下するとそれぞれのリンク先が表示されることを確認","1:○
2:○",,,,,,,,
,H084-2,○,"1:セレクトメニューでオプション（リンゴ、オレンジ）を選択しても何も実行されず、[実行]ボタンをマウスでクリックするとそれぞれのリンク先が表示されるとを確認
2:セレクトメニューでオプションを選択しても何も実行されず、[実行]ボタンを押下するとそれぞれのリンク先が表示されることを確認","1:○
2:○",,,,,,,,
,H085-1,○,マウスでセレクトメニューを選んだとき、「フルーツ」（太字）が「リンゴ」、「バナナ」、「桃」、「野菜」（太字）が「にんじん」「キュウリ」「ピーマン」、「焼菓子」（太字）を「アップルパイ」「チョコレートケーキ」でグルーピングしたラベルであることが表示されているか確認,Alt+↓でセレクトメニューのリストを展開しグルーピングを確認することが可能,,,,,,,,
,H085-2,○,optgroup要素のlabel属性値（General Techniques、HTML Techniques）が、そのグループのラベルであることが分かるように太字で表示されることを確認,,,,,,,,,
,H086-1,△,"1:顔文字「（＾＾）」に補足説明として破線の下線がついているかを確認
2:顔文字「（＾＾）」にマウスポインタをおくと、ツールチップで「笑顔」と表示されることを確認
3:キーボード操作：キー操作により、顔文字「（＾＾）」にツールチップでtitle属性値「笑顔」が表示されるか確認。","1:○
2:○
3:×：ツールチップを表示させるためのキー操作はない",,,,,,,,
,H086-2,‐,テスト不要,,,,,,,,,
,H086-3,○,"1:「Au5t1N r0xx0rz」にtitle属性値があることわかるように破線のアンダーラインが表示されているかを確認
2:マウスポインタを「Au5t1N r0xx0rz」の上におくと「Austin Rocks」というツールチップが表示されるかを確認","1:○（破線のアンダーラインが表示される）
2:○",,,,,,,,
,H091-1a,○,"1:マウス操作：リンクをクリックして、リンク先に移動することを確認
2:キーボード操作：リンクにフォーカスを移動させた後、押下してリンク先に移動することを確認","1:○
2:○",,,,,,,,
,H091-1b,○,"1:マウス操作：リンクをクリックして、リンク先に移動することを確認 
2:キーボード操作：リンクにフォーカスを移動させた後、押下してリンク先に移動することを確認","1:○
2:○",,,,,,,,
,H091-1c,○,"1:マウス操作：リンクをクリックして、リンク先に移動することを確認
2:キーボード操作：リンクにフォーカスを移動させた後、押下してリンク先に移動することを確認","1:○
2:○",,,,,,,,
,H091-2a,○,"1:マウス操作：ボタンをクリックすると「ボタンが押下されました」のダイアログがでることを確認
2:キーボード操作：ボタンにフォーカスを移動させた後、押下すると「ボタンが押下されました」のダイアログがでることを確認","1:○
2:○",,,,,,,,
,H091-2b,○,"1:マウス操作：各3つのボタンをクリックすると、「ボタンが押下されました」のダイアログがでることを確認
2:キーボード操作：各3つのボタンにフォーカスを移動させた後、キーを押下すると「ボタンが押下されました」のダイアログがでることを確認","1:○
2:○",,,,,,,,
,H091-2c,○,"1:マウス操作：ボタンをクリックすると、「ボタンが押下されました」のダイアログがでることを確認
2:キーボード操作：ボタンにフォーカスを移動させた後、押下すると、「ボタンが押下されました」のダイアログがでることを確認","1:○
2:○",,,,,,,,
,H091-2d,○,"1:マウス操作：ボタンをクリックすると、「ボタンが押下されました」のダイアログがでることを確認
2:キーボード操作：ボタンにフォーカスを移動させた後、押下すると、「ボタンが押下されました」のダイアログがでることを確認","1:○
2:○",,,,,,,,
,H091-2e,△,"1:マウス操作：マウスポインタを置いた際に、title属性値「ファイルを保存する」がツールチップで表示されることを確認
2:キーボード操作：ボタンにフォーカスを移動させた際に、title属性値「ファイルを保存する」がツールチップで表示されることを確認","1:○
2:×：:ボタンにフォーカスを移動させた際に、title属性値「ファイルを保存する」がツールチップで表示されない",,,,,,,,
,H091-3a,○,"1:マウス操作：テキストフィールドにフォーカスを移動して、value属性値「バナナ」を編集できることを確認
2:キーボード操作：テキストフィールドにフォーカスを移動して、value属性値「バナナ」を編集できることを確認","1:○
2:○",,,,,,,,
,H091-3b,△,"1:マウス操作：テキストフィールドにマウスポインタを置いた際に、title属性値「果物の種類」がツールチップで表示されることを確認
2:マウス操作：テキストフィールドにフォーカスを移動した際に、value属性値「バナナ」を編集できることを確認
3:キーボード操作：テキストフィールドにフォーカスを移動した際に、title属性値「果物の種類」がツールチップで表示されることを確認 
4:キーボード操作：テキストフィールドにフォーカスを移動した際に、value属性値「バナナ」を編集できることを確認","1:○
２:○
３:×：テキストフィールドにフォーカスを移動してもtitle属性の「果実の種類」は表示されない
４:○",,,,,,,,
,H091-4,○,キーボード操作：チェックボックスにフォーカスを移動させ、スペースキーでチェックボックスの状態を選択及び非選択に変更できることを確認,,,,,,,,,
,H091-5,○,キーボード操作：ラジオボタンにフォーカスを移動させ、左右のカーソルキーでラジオボタンの選択を変更できることを確認,,,,,,,,,
,H091-6a,○,"1:マウス操作：セレクトメニューの選択肢「1」、「2」、「3」をそれぞれ選択できることを確認
2:キーボード操作：セレクトメニューにフォーカスを移動させた後、上下カーソルキー操作により、セレクトメニューの選択肢「1」、「2」、「3」をそれぞれ選択できることを確認","1:○
2:○",,,,,,,,
,H091-6b,△,"1:マウス操作：セレクトメニューにマウスポインタを置いた際に、title属性値「数字」がツールチップで表示されることを確認
2:マウス操作：セレクトメニューの選択肢「1」、「2」、「3」をそれぞれ選択できることを確認
3:キーボード操作：セレクトメニューにフォーカスを移動した際に、title属性値「数字」はツールチップで表示されることを確認
4:キーボード操作：セレクトメニューにフォーカスを移動させた後、上下カーソルキー操作により、セレクトメニューの選択肢「1」、「2」、「3」をそれぞれ選択できることを確認","1:○
2:○
3:×：Tabキーでテキストフィールドに移動したところ、ツールチップは表示されなかった。
4:○",,,,,,,,
,H091-7a,○,"1:マウス操作：テキストエリアにフォーカスを移動して、テキスト「87年前」を編集できることを確認
2:キーボード操作：テキストエリアにフォーカスを移動して、テキスト「87年前」を編集できることを確認","1:○
2:○",,,,,,,,
,H091-7b,△,"1:マウス操作：テキストフィールドにマウスポインタを置いた際に、title属性値「コメントを入力」がツールチップで表示されることを確認
2:マウス操作：テキストフィールドにフォーカスを移動した際に、テキスト「87年前」を編集できることを確認
3:キーボード操作：テキストフィールドにフォーカスを移動した際に、title属性値「コメントを入力」がツールチップで表示されることを確認
4:キーボード操作：テキストフィールドにフォーカスを移動した際に、テキスト「87年前」を編集できることを確認","1:○
2:○
3:×：Tabキーでテキストフィールドに移動したところ、ツールチップは表示されなかった。
4:○",,,,,,,,
,H091-8,○,キーボード操作：ラジオボタンにフォーカスを移動させ、カーソルキー操作でラジオボタンの選択を変更できることを確認,,,,,,,,,
,SCR002,-,,,,,,,,,,
,SCR016,○,"1: 40秒後にダイアログが表示されることを確認
2:マウス操作でダイアログの[OK]ボタン及び[キャンセル]ボタンを押下できることを確認
3:キーボード操作で[OK]ボタン及び[キャンセル]ボタンを押下できることを確認","1:○
2:○
3:○",,,,,,,,
,SCR018,○,"1:無効な値を入力し、マウス操作で[送信]ボタンをクリックすると、「有効な日付ではありません。入力し直してください。」というエラーメッセージのダイアログが表示されることを確認
2:無効な値を入力し、キーボード操作で[送信]ボタンをクリックすると、「有効な日付ではありません。入力し直してください。」というエラーメッセージのダイアログが表示されることを確認","1:○
2:○",,,,,,,,
,SCR020-1,-,,,,,,,,,,
,SCR020-2,-,,,,,,,,,,
,SCR020-3,-,,,,,,,,,,
,SCR020-4,-,,,,,,,,,,
,SCR020-5,-,,,,,,,,,,
,SCR021,○,"1.;任意の値を入力し、送信を押したあとに、以下の３つが表示されているか確認
‐リンクテキストで見出しの「入力エラー」
‐エラーメッセージ「電話番号を正しく入力してください。」 
‐エラーメッセージ「FAX番号を正しく入力してください。」
2-1: [送信] ボタンを押下した後、「入力エラー」というテキストリンクの見出しにフォーカスが移動することを確認
2-2: 「入力エラー」を押下すると、エラーメッセージ「電話番号を正しく入力してください。」にフォーカスが移動することを確認
2-3: 「電話番号を正しく入力してください。」を押下すると、「電話番号」のテキストフィールドにフォーカスが移動することを確認
2-4: 「FAX番号を正しく入力してください。」を押下すると、「FAX番号」のテキストフィールドにフォーカスが移動することを確認","1:○
2:○
3:○
4:○",,,,,,,,
,SCR022,○,「新製品！」の点滅が5秒未満で停止し、その後は静止した状態で表示されることを確認,,,,,,,,,
,SCR026,-,,,,,,,,,,
,SCR028-1,○,"1:マウス操作で「メニュー」をクリックすると、4つのリンクの非表示/表示を切り替えられることを確認
2:キーボード操作でリンク「メニュー」を押下すると、4つのリンクが非表示になることを確認
3:キーボード操作で4つのリンクを非表示にした後、Tabキーを押下するとフォーカスが「メインコンテンツのリンク」へ移動することを確認
4:キーボード操作で「メニュー」を押下し、４つのリンクを表示され、Tabをおすと以下のようにフォーカスが移動することを確認
「リンク1」→「リンク2」→「リンク3」→「「リンク4」→「メインコンテンツのリンク」","1:○
2:○
3:○
4:○",,,,,,,,
,SCR028-2,○,"1:[目次の表示 / 非表示]ボタンをマウス操作でクリックすると、「目次の表示／非表示」を切り替えられることを確認
2:[目次の表示 / 非表示]ボタンを押下すると、目次の４つが非表示になることを確認
3:目次を非表示にした後、Tabキーを押下するとフォーカスがセクション 1にある「セクション 1のリンク」へ移動することを確認
4:目次を表示させた後、Tabキーを押下していくとフォーカスが以下のように移動することを確認
「セクション1」→「セクション2」→「セクション3」→「セクション4」→「セクション1のリンク」","1:○
2:○
3:○
4:○",,,,,,,,
,SCR030,○,"1:マウス操作で「リンクラベルを拡張する」をクリックすると、リスト項目にあるテキストリンク「Word」、「PDF」、「HTML」にそれぞれ「〜版　ウェブの歴史」、「〜版　こだわりの料理」のリンクテキストが付加されることを確認
2:キーボード操作で「リンクラベルを拡張する」を押下すると、リスト項目にあるテキストリンク「Word」、「PDF」、「HTML」にそれぞれ「〜版　ウェブの歴史」、「〜版　こだわりの料理」のリンクテキストが付加されることを確認","1:○
2:○",,,,,,,,
,SCR032,○,"1:未入力の状態で[登録]又は[送信]ボタンをクリックすると、エラーメッセージ「次の入力項目を正しく入力してください。」で始まる該当項目のリストが表示されることを確認
2:未入力の状態で[登録]又は[送信]ボタンを押下すると、エラーメッセージ「次の入力項目を正しく入力してください。」で始まる該当項目のリストが表示されることを確認
3:「3つの入力項目に入力エラーがあります。」にフォーカスがあり、Tabキーを押すと氏名[必須]、年齢[必須]E-mailアドレス[必須]の順にフォーカスされるか確認
4: 該当項目のリストのいずれかの項目でEnterキーを押下すると、その項目のテキストフィールドにフォーカスが移動することを確認","1:○
2:○
3:○
4:○",,,,,,,,
,SCR033,○,"1:マウス操作で「一時停止」をクリックすると、スクロールしているテキストが一時停止し、「スクロール」をクリックすると、テキストのスクロールが再開することを確認
2:キーボード操作で「一時停止」を押下すると、スクロールしているテキストが一時停止し、「スクロール」を押下すると、テキストのスクロールが再開することを確認","1:○
2:○",,,,,,,,
,SCR035-1,○,"1:「ダイアログを表示」をクリックすると、アラートダイアログ「Javascriptは有効です。」が表示されることを確認
2:「ダイアログを表示」にフォーカスを移動させて押下すると、アラートダイアログが表示されることを確認","1:○
2:○",,,,,,,,
,SCR035-2,○,"1:JavaScriptをオンにして、「JavaScriptを実行するリンク」をクリックして、富士通サイトへ移動することを確認
2:JavaScriptをオフにして、「JavaScriptを実行するリンク」をクリックして、代替ページへ移動することを確認
3:JavaScriptをオンにして、「JavaScriptを実行するリンク」を押下して、リンク先の富士通サイトへ移動することを確認
4:JavaScriptをオフにして、リンク「JavaScriptを実行するリンク」を押下して、代替ページへ移動することを確認","1:○
2:○
3:○
4:○",,,,,,,,
,SCR035-4,○,"1.マウス操作：「Javascript実行」ボタンをクリックすると、「Javascriptは有効です。」というダイアログが表示される。
2.キーボード操作：「Javascript実行」を押下すると、「Javascriptは有効です。」というダイアログが表示される。
","1:○
2:○",,,,,,,,
,SCR035-5,○,"1.マウス操作：「送信」をクリックすると、「Javascriptは有効です。」というダイアログが表示される。
2.キーボード操作：「送信」を押下すると、「Javascriptは有効です。」というダイアログが表示される。","1:○
2:○",,,,,,,,
,SCR035-6,○,"1.マウス操作：「ダイアログを表示」をクリックすると、「Javascriptは有効です。」というダイアログが表示される。
2.キーボード操作：「ダイアログを表示」を押下すると、「Javascriptは有効です。」というダイアログが表示される。","1:○
2:○",,,,,,,,
,SCR036,○,"1.マウス操作：「テキストをすべて表示」ボタンをクリックすると、テキストが静止する。「スクロール表示に戻す」ボタンをクリックすると元に戻る。
2.キーボード操作：「テキストをすべて表示」ボタンを押下すると、テキストが静止する。「スクロール表示に戻す」ボタンを押下すると元に戻る。","1:○
2:○",,,,,,,,
,SCR037,-,,,,,,,,,,
,,,,,,,,,,,,
,この作品は、クリエイティブ・コモンズ・ライセンスの下でライセンスされています,,,,,,,,,,,
,,,,,,,,,,,,
,,,利用許諾条件（表示 - 継承 2.1 日本）の確認 ,,,,,,,,,
,,,,,,,,,,,,
,原著作者：富士通デザイン株式会社,,,,,,,,,,,
,作成者：ウェブアクセシビリティ基盤委員会　実装ワーキンググループ（WG2）,,,,,,,,,,,
,作成日： 2012年4月25日,,,,,,,,,,,
,,,,,,,,,,,,
