,JAWS for Windows 9.0　アクセシビリティサポーテッド検証結果 [等級A]  2012年5月版,,,,,記号の説明,,,,
,＊ この検証結果は、ウェブアクセシビリティ基盤委員会 実装ワーキンググループ（WG2）が提供する参考情報であり、予告なく変更されることがあります。,,,,,○,サポートあり,,,
,＊ この情報をご利用になる前に、ライセンス（利用許諾条項）と免責事項を必ずご確認ください。,,,,,△,一部サポート,,,
,＊最新版は、ウェブアクセシビリティ基盤委員会のサイトでご確認ください（http://waic.jp/docs/jis2010/as.html）。,,,,,×,サポートなし,,,
,,,,,,？,判定できず,,,
,,,,,,-,テスト不要（N/A）,,,
,"Windows XP, Internet Explorer 6.0, JAWS 9.0",,,,,,,,,
,"テストファイル
No.","検証結果
○/△/×/?/-",操作手順・音声読み上げログ,備考,,,,,,
,C6,○,"■操作手順
最初に「２個の定義リスト」と読み上げた。
■音声読み上げ
「２個の定義リスト　野菜　きゅうり　なす　大根　果物　りんご　みかん」",,,,,,,
,C7,○,"■操作手順
「ワシントンは、経済成長を促すためのプランを発表しました。リンク ワシントンによる経済成長促進プランの全文」と読み上げた。
■音声読み上げ
「ワシントンは、経済成長を促すためのプランを発表しました。リンク ワシントンによる経済成長促進プランの全文」",,,,,,,
,C8,○,"■操作手順
「東京都」と読み上げた。
■音声読み上げ
「トウキョウト」",,,,,,,
,C9-1,-,テスト不要,,,,,,,
,C9-2,○,"■操作手順
「経済産業省 リンク」と読み上げた・
■音声読み上げ
「経済産業省　リンク」",,,,,,,
,C9-3,-,テスト不要,,,,,,,
,G1-1,○,"■操作手順
1.「メインコンテンツへスキップ」でリンクを押下すると、「プレスリリース」から自動的に読み上げ始めた。（Ins+↓でも「プレスリリース」から読み上げ始めた）
2.「メインコンテンツへスキップ」でリンクを押下し、スキップ先の読み上げが始まる前と後にそれぞれTabキーを押して確認した。
■音声読み上げ
1.「メインコンテンツへスキップ」でリンクを押下時→「エンター　メインコンテンツへスキップ　ページ内リンク」",,,,,,,
,G1-2,○,"■操作手順
1.「メインコンテンツへスキップ」でリンクを押下すると、「プレスリリース」から自動的に読み上げ始めた。（Ins+↓でも「プレスリリース」から読み上げ始めた）
2.「メインコンテンツへスキップ」でリンクを押下し、スキップ先の読み上げが始まる前と後にそれぞれTabキーを押して確認した。
■音声読み上げ
1.「メインコンテンツへスキップ」でリンクを押下時→「エンター　メインコンテンツへスキップ　ページ内リンク」",,,,,,,
,G14-1,○,"■操作手順
それぞれ（T1）、（T2）、（T3）を読み上げることで認識できた
■音声読み上げ
「9:00〜9:30　セッション１　カッコ　ティー１　カッコトジ」",,,,,,,
,G14-2,○,"■操作手順
「画像　トラック１」「画像　トラック２」「画像　トラック３」とそれぞれ読み上げられることにより認識できる。
■音声読み上げ
「セッション１　画像　トラック１」",,,,,,,
,G14-3,○,"■操作手順
「[必須]」とそれぞれ読み上げているので伝達できている
■音声読み上げ
「お問い合わせ件名　ダイカッコヒラキ　必須　ダイカッコトジ　コンボボックス　6の1」
「お名前　ダイカッコヒラキ　必須　ダイカッコトジ　エディット」",,,,,,,
,G14-4,○,"■操作手順
「送信ボタン」「取消ボタン」とそれぞれ読み上げた。
このケースでは必要ないとは思うが、色の情報をとりたいのであればJAWSカーソルにして該当箇所へカーソルを移動し、Ins+5で確認可能
■音声読み上げ
「送信　ボタン」
「取消　ボタン」",,,,,,,
,G21,○,"■操作手順
1.Tabキーでフォーカスをリンク「HTMLのリンク 1」へ移動させた後、Tabキーを押下するとFlashムービー内のボタン「富士通トップページへ」にフォーカスが移動し、さらにTabキーを押下するとフォーカスがFlashムービーから外へ出てリンク「HTMLのリンク 2」に移動した
■音声読み上げ
「HTMLのリンク 1 リンク→tab→富士通トップページへ　リンク→tab→HTMLのリンク 2 リンク」",Flashバージョン 10.0.32.18,,,,,,
,G53,○,"■読み上げ
「ウェブアクセシビリティ基盤委員会の詳細は、リンクここをクリック。」

1.alt　+　5キー　で全文を読み上げた
2.読み上げたあと、Enterを押下すると、リンク先に遷移する。",2012年4月修正,,,,,,
,G88-1,○,"■操作手順
ページを開いたら、ページタイトル「自己適合宣言｜ウェブアクセシビリティ基盤委員会」と読み上げた。
■音声読み上げ
「自己適合宣言｜ウェブアクセシビリティ基盤委員会」",,,,,,,
,G90-1,-,テスト不要,,,,,,,
,G90-2,-,テスト不要,,,,,,,
,G90-3,-,テスト不要,,,,,,,
,G90-4,-,テスト不要,,,,,,,
,G90-5,-,テスト不要,,,,,,,
,G91,○,"■操作手順
テキストリンクにフォーカスを移動させたら、「東京駅構内の最新のルート」と読み上げた。リンクをEnter押下したら、リンク先のページへ移動した。
■音声読み上げ
「東京駅構内の最新のルート　リンク」",,,,,,,
,G96-1,○,"■操作手順
次へ進むには…のあと、「goボタン」と読み上げた。読み上げの流れとして次へのボタンを見つけることができる。
■音声読み上げ
「ゴー　ボタン」",,,,,,,
,G96-2,○,"■操作手順
「見出しレベル１　利用可能な番号」と読み上げたあと、選ぶことのできる番号を読み上げた。
Ctrl+→←でも確認できる。
■音声読み上げ（Ctrl+→で読み上げを確認）
「利用可能な番号」
「４個のリスト」
「1234-5678-90」
「2345-6789-01」
「3456-7890-12」
「4567-8901-23」
「リスト終了」",,,,,,,
,G96-3,○,"■操作手順
タブで画像をたどるか、Ctrl+Alt+→、↓、↑、←でテーブル内操作で「プレビュー」ボタンを見つけることができる。
■音声読み上げ
「プレビュー　リンク　画像」",,,,,,,
,G107,○,"■操作手順
「用語解説 (新しいウィンドウで表示)」にフォーカスを移動させただけでは何も起こらずに、Enterを押したら、リンク先が別ウィンドウで開いた
■音声読み上げ
「用語解説 カッコヒラキ　新しいウィンドウで表示　カッコトジ　リンク」",,,,,,,
,G108,○,"■操作手順
1.「検索キーワードを入力 エディット」と読み上げた。
2.「検索 ボタン」と読み上げた
■音声読み上げ
「検索キーワードを入力 エディット」
「検索 ボタン」",,,,,,,
,G115-1,○,"■操作手順
「ダウンロードページ リンク」と読み上げた
■音声読み上げ
「ダウンロードページ リンク」（リンク時の音声）",,,,,,,
,G115-2,△,"■操作手順
2.blockquote要素でマークアップされた部分「吾輩は猫である。名前はまだ無い。･･･思わなかった。」が読み上げられる前に、「引用」と読み上げた。
■音声読み上げ
「夏目漱石の小説　カギヒラキ　我輩はネコである　カギトジ　は　テン　猫の視点から描かれている　マル　書き出しはこうだ　マル　引用　我輩は猫である　マル　名前はまだ無い　マル　・・・・（最後まで）」（音声による変化はなかった）","1.cite要素の「吾輩は猫である」が、引用元であることが分かるようには読み上げられなかった。
ブロッククォート一覧にはcite要素も表示される。",,,,,,
,G115-3,×,"■操作手順
JAWSオプションの調整で「画面エコー」を「強調表示」にして確認した。
音声エイリアスの設定も効果なし。
■音声読み上げ
「見出しレベル１　エンジンを始動する方法　エンジンを始動する前に　テン　ギアがニュートラルにあることを確認してください　マル　次にキーをまわして天下します　マル　エンジンが始動するはずです　マル」（音声による変化はなかった）",strong要素の部分が強調されていることが分かるようには読み上げなかった。,,,,,,
,G115-4,×,"■操作手順
次のように読み上げる
■音声読み上げ
「ドットドットドット　彼女が本当に言いたかったのは　テン　コーテーション　これは良いどころではなく　テン　むしろすばらしい　コーテーション　ということだった　カンタンフ　ドットドットドット」（音声による変化はなかった）",em要素も、strong要素の部分も強調されていることがわかるようには読み上げない、JAWSオプションの調整で「画面エコー」を「強調表示」にして確認したが変わらず,,,,,,
,G115-5,×,"■操作手順
JAWSオプションの調整で「画面エコー」を「強調表示」にして確認した。
■音声読み上げ
「新しい単語は　テン　背景色をシアンにしてハイライトかつ強調されます　マル　そのプレー対する痛烈な批評は　テン　少々厳しすぎるように思われました　マル」（音声による変化はなかった）",em要素の部分が強調されていることがわかるようには読み上げなかった。,,,,,,
,G117,○,"■操作手順
Ctrl+↓で確認。
■音声読み上げ
1.「なかてん　せいひんびー かっこひらき　しんせいひん　かっことじ」
2.「なかてん　せいひんびー かっこひらき　とっかひん　かっことじ」
3.「なかてん　せいひんびー かっこひらき　ちゅうもくしょうひん　かっことじ」
4.「なかてん　せいひんびー かっこひらき　せいさんちゅうし　かっことじ」",,,,,,,
,G122,○,"■操作手順
「（必須）」と読み上げているので伝達できている
■音声読み上げ
「お名前　カッコヒラキ　必須　カッコトジ　コロン　エディット」",,,,,,,
,G123-4a,×,"■操作手順
1.「メイン ナビゲーションをスキップ」を押下した後、スキップ先の読み上げが始まる前と後にそれぞれTabキーを押して確認した。
2.「サブ ナビゲーションをスキップ」を押下した後、スキップ先の読み上げが始まる前と後にそれぞれTabキーを押して確認した。
3.「ウルトラ サブ ナビゲーションをスキップ」を押下した後、スキップ先の読み上げが始まる前と後にそれぞれTabキーを押して確認した。
■音声読み上げ
1.「メイン ナビゲーションをスキップ」を押下時→「メインナビゲーションをスキップ　ページ内リンク　ページに５個の見出しと１６個のリンクがあります　見出しレベル２　サブナビゲーション　ページ内リンク　サブナビゲーションをスキップ・・・（最後まで）」
2.「サブ ナビゲーションをスキップ」を押下時→「サブナビゲーションをスキップ　ページ内リンク　ページに５個の見出しと１６個のリンクがあります　見出しレベル２　ウルトラサブナビゲーション　ページ内リンク　ウルトラサブナビゲーションをスキップ・・・（最後まで）」
3.「サブ ナビゲーションをスキップ」を押下時→「ウルトラサブナビゲーション　ウルトラサブナビゲーションをスキップ　ページ内リンク　ナカテン　リンクＡ　ナカテン　リンクＢ・・・（最後まで）」","1.「メイン ナビゲーションをスキップ」を押下した後、スキップ先の「サブナビゲーション」からの読み上げが始まる。読み上げが始まる前にタブを押すと「メインコンテンンツへスキップ」にフォーカスがあたり、読み上げが始まった後タブを押すと、読み上げ先にフォーカスがあたる。
2.3も同様である。",,,,,,
,G123-4b,○,"■操作手順
1.「メイン ナビゲーションをスキップ」を押下した後、スキップ先の読み上げが始まる前と後にそれぞれTabキーを押して確認した。
2.「サブ ナビゲーションをスキップ」を押下した後、スキップ先の読み上げが始まる前と後にそれぞれTabキーを押して確認した。
3.「ウルトラ サブ ナビゲーションをスキップ」を押下した後、スキップ先の読み上げが始まる前と後にそれぞれTabキーを押して確認した。
■音声読み上げ
1.「メイン ナビゲーションをスキップ」を押下時→「メインナビゲーションをスキップ　ページ内リンク　ページに５個の見出しと１６個のリンクがあります　見出しレベル２　サブナビゲーション　ページ内リンク　サブナビゲーションをスキップ・・・（最後まで）」
2.「サブ ナビゲーションをスキップ」を押下時→「サブナビゲーションをスキップ　ページ内リンク　ページに５個の見出しと１６個のリンクがあります　見出しレベル２　ウルトラサブナビゲーション　ページ内リンク　ウルトラサブナビゲーションをスキップ・・・（最後まで）」
3.「サブ ナビゲーションをスキップ」を押下時→「ウルトラサブナビゲーション　ウルトラサブナビゲーションをスキップ　ページ内リンク　ナカテン　リンクＡ　ナカテン　リンクＢ・・・（最後まで）」","1.「メイン ナビゲーションをスキップ」を押下した後、スキップ先の「サブナビゲーション」からの読み上げが始まる。読み上げが始まる前にタブを押すと「メインコンテンンツへスキップ」にフォーカスがあたり、読み上げが始まった後タブを押すと、読み上げ先にフォーカスがあたる。
2.3も同様である。",,,,,,
,G124-1,○,"■操作手順
1.「メインコンテンツへスキップ」を押下した後、スキップ先の読み上げが始まる前と後にそれぞれTabキーを押して確認した。
2.「検索ボックスへスキップ」を押下した後、スキップ先の読み上げが始まる前と後にそれぞれTabキーを押して確認した。
3.「メインメニューへスキップ」を押下した後、スキップ先の読み上げが始まる前と後にそれぞれTabキーを押して確認した。
■音声読み上げ
1.「メインコンテンツへスキップ」を押下時→「メインコンテンツをスキップ　ページ内リンク　ページに１個の見出しと７個のリンクがあります　見出しレベル１　アクセシビリティを考える会　これは　リンク　メインコンテンツにあるリンク　です　マル」
2.「検索ボックスへスキップ」を押下時→「検索ボックスをスキップ　ページ内リンク　ページに１個の見出しと７個のリンクがあります　検索　送信ボタン・・・（最後まで）」
3.「メインメニューへスキップ」を押下時→「メインメニューをスキップ　ページ内リンク　ページに１個の見出しと７個のリンクがあります　ホーム　タテセン　リンク　このサイトについて　タテセン　リンク　お問い合わせ　タテセン　リンク　サイトマップ　・・・（最後まで）」","1.「メインコンテンツへスキップ」を押下した後、スキップ先の読み上げが始まる。読み上げが始まる前にタブを押すと「メインコンテンツへスキップ」にフォーカスがあたり、読み上げが始まった後タブを押すと、読み上げ先にフォーカスがあたる。
2.3も同様である。",,,,,,
,G124-2,○,"■操作手順
1.「メインコンテンツへスキップ」を押下した後、スキップ先の読み上げが始まる前と後にそれぞれTabキーを押して確認した。
2.「検索ボックスへスキップ」を押下した後、スキップ先の読み上げが始まる前と後にそれぞれTabキーを押して確認した。
3.「メインメニューへスキップ」を押下した後、スキップ先の読み上げが始まる前と後にそれぞれTabキーを押して確認した。
■音声読み上げ
1.「メインコンテンツへスキップ」を押下時→「メインコンテンツをスキップ　ページ内リンク　ページに１個の見出しと７個のリンクがあります　見出しレベル１　アクセシビリティを考える会　これは　リンク　メインコンテンツにあるリンク　です　マル」
2.「検索ボックスへスキップ」を押下時→「検索ボックスをスキップ　ページ内リンク　ページに１個の見出しと７個のリンクがあります　検索　送信ボタン・・・（最後まで）」
3.「メインメニューへスキップ」を押下時→「メインメニューをスキップ　ページ内リンク　ページに１個の見出しと７個のリンクがあります　ホーム　タテセン　リンク　このサイトについて　タテセン　リンク　お問い合わせ　タテセン　リンク　サイトマップ　・・・（最後まで）」","1.「メインコンテンツへスキップ」を押下した後、スキップ先の読み上げが始まる。読み上げが始まる前にタブを押すと「メインコンテンツへスキップ」にフォーカスがあたり、読み上げが始まった後タブを押すと、読み上げ先にフォーカスがあたる。
2.3も同様である。",,,,,,
,G138,△,"■操作手順
1.「件名 [必須]」と読み上げた。お名前も同様。
■音声読み上げ
「件名　ダイカッコヒラキ　必須　ダイカッコトジ　コロン　エディット」
「お名前　ダイカッコヒラキ　必須　ダイカッコトジ　コロン　お勤め先　コロン　エディット」","2.strong要素でマークアップされた「[必須]」が、強調されていることが分かるように読み上げられなかった
お名前エディットの読み上げ時、お勤め先まで読んでしまう（JAWSの問題？）",,,,,,
,G187,-,テスト不要,,,,,,,
,G196-1,○,"■操作手順
「5つ星中、星3個」のみ読み上げられ、他の画像は読み上げられなかった
■音声読み上げ
「評価　コロン　画像　イツツボシチュウ　テン　ホシサンコ」",,,,,,,
,G196-2,○,"■操作手順
それぞれの代替テキスト「A」、「AA」、「AAA」が読み上げられた。
「AA」と「AAA」では、2つ目以降の画像については無視されて何も読み上げられなかった。
■音声読み上げ
「画像　エー」
「画像　エーエー」
「画像　エーエーエー」",,,,,,,
,H2-1,○,"■操作手順
リンクにフォーカスを移動させた際、アイコン画像の代替テキストは何も読み上げられず、リンクテキスト「プロダクトページ リンク」だけが読み上げられた。
■音声読み上げ
「プロダクトページ　リンク」",,,,,,,
,H2-2,○,"■操作手順
「富士通株式会社　公式サイト リンク 画像」と読み上げた。
■音声読み上げ
「富士通株式会社　公式サイト リンク 画像」",,,,,,,
,H4-1,○,"■操作手順
tabを押すと、以下の順でフォーカスが移動した。
1.夫の姓 
2.夫の名 
3.夫の出身地 
4.妻の姓 
5.妻の名 
6.妻の出身地 
■音声読み上げ
1「.夫の姓　エディット 」
2「.夫の名　エディット 」
3「.夫の出身地　エディット 」
4.「妻の姓　エディット 」
5.「妻の名　エディット 」
6.「妻の出身地　エディット」",,,,,,,
,H4-2,○,"■操作手順
テキストフィールド、[検索ボタン]、""携帯サイト""、サイトマップの順に読み上げた。 
■音声読み上げ
「エディット」
｢検索　ボタン」
「携帯サイト　ページ内リンク」
「サイトマップ　ページ内リンク」",,,,,,,
,H4-3a,○,"■操作手順
tabを押すと、以下の順でフォーカスが移動した。
1.リンク 1（1） 
2.リンク 3（1） 
3.リンク 2（2） 
4.リンク 4（2） 
■音声読み上げ
1.「リンク 1　ページ内リンク」
2.「リンク 3　ページ内リンク」
3.「リンク 2　ページ内リンク」
4.「リンク 4　ページ内リンク」",ブラウザ内でタブキーでのリンクテキストジャンプ順が変になる？,,,,,,
,H4-3b,○,"■操作手順
tabを押すと、以下の順でフォーカスが移動した。
1.リンク 1（1） 
2.リンク 2（1） 
3.リンク 21（1） 
4.リンク 3（1） 
5.リンク 20（1） 
■音声読み上げ
1.「リンク 1　ページ内リンク」
2.「リンク 2　ページ内リンク」
3.「リンク 21　ページ内リンク」
4.「リンク 3　ページ内リンク」
5.「リンク 20　ページ内リンク」",ブラウザ内でタブキーでのリンクテキストジャンプ順が変になる？,,,,,,
,H24,○,"■操作手順
「カウンター イメージマップリンク 画像」と読み上げられる。視聴覚室も同様。
■音声読み上げ
「カウンター イメージマップリンク 画像」
「視聴覚室 イメージマップリンク 画像」",,,,,,,
,H25,○,"■操作手順
ページを開いたら、まずページタイトルが読み上げられた。
■音声読み上げ
「ワールドワイドウェブコンソーシアム」",,,,,,,
,H30-1,○,"■操作手順
「首相官邸ホームページ リンク」と読み上げられた。
■音声読み上げ
「首相官邸ホームページ リンク」",,,,,,,
,H30-2,○,"■操作手順
「東京駅構内の最新のルート リンク 画像」と読み上げた。
■音声読み上げ
「東京駅構内の最新のルート リンク 画像」",,,,,,,
,H30-3,○,"■操作手順
「東京駅構内の最新のルート リンク」と読み上げた。
■音声読み上げ
「東京駅構内の最新のルート リンク」",,,,,,,
,H30-4,○,"■操作手順
「首相官邸ホームページ リンク」と読み上げられた。
■音声読み上げ
「首相官邸ホームページ リンク」",,,,,,,
,H30-5,○,"■操作手順
「施設ご利用の手引き　PDFファイル リンク」と読み上げた。
■音声読み上げ
「施設ご利用の手引き　PDFファイル リンク」",,,,,,,
,H32-1,○,"■操作手順
[申し込む]ボタンを押下し、フォームのアクション処理を確認した
■音声読み上げ
「Ｅメールアドレスを入力してください　エディット」
「申し込む　ボタン」",,,,,,,
,H32-2,○,"■操作手順
Tabでコンゴボックスへ移動
コンゴボックスでEnterを押すと中に入る
↑↓で項目を選択
項目を選びEnter
Tabを押す
Enterを押すとページが移動する
■音声読み上げ
「サイト案内　コンボボックス　トップページ　４の1」
「フォームモード　オン」
「サイト案内　コンボボックス　トップページ　４の1」
「ヤジルシキーヲオシテセンタクシヲヘンコウシマス　マル」
「フォームモード　オフ」
「選択したページへ移動する　ボタン」",,,,,,,
,H33-1,×,"■操作手順
フォーカスを当てただけでは「富士通 リンク」と読み上げるが、Ins+Tabで「富士通株式会社の公式サイト」title属性値を読み上げさせることができた。
JAWSオプションの調整の、「テキストリンクの読み上げ」で設定の変更が可能
■音声読み上げ
「富士通　リンク」（リンク読み上げが表示されたテキストの場合）
「富士通株式会社の公式サイト　リンク」（リンク読み上げがタイトル属性の場合）",,,,,,,
,H33-2,×,"■操作手順
リンク「富士通 公開サイト」にフォーカスを移動させた際は「富士通 公開サイト リンク」と読み上げる。
Ins+Tabを押していくと、title属性や詳しい説明を読み上げさせることができる。
JAWSオプションの調整の、「テキストリンクの読み上げ」で設定の変更が可能
■音声読み上げ
「富士通 公開サイト　リンク」（リンク読み上げが表示されたテキストの場合）
「新しいウィンドウで開く　リンク」（リンク読み上げがタイトル属性の場合）",,,,,,,
,H35,○,"■操作手順
仮想PCカーソルではフォーカスを当てることができない。
JAWSカーソルでappletの端を指定するも「ブランク」と読み上げるのみ。
■音声読み上げ
「サンメナラベゲーム　ページに０個のリンクがあります　サンメナラベゲーム」",appletを認識していない。,,,,,,
,H36,○,"■操作手順
ボタンにフォーカスを移動させたら、「送信ボタン」と読み上げた。
■音声読み上げ
「送信　ボタン」",,,,,,,
,H37-1,○,"■操作手順
リンク画像にフォーカスを移動させたら、代替テキスト「東京駅構内図を見る リンク 画像」と読み上げた。
■音声読み上げ
「東京駅構内図を見る リンク 画像」",,,,,,,
,H37-2,○,"■操作手順
「デパートのフロアガイド。各階について詳しくお知りになりたい場合は各階を選択してください。４階 雑貨 書籍 ３階 衣料品 ２階 お菓子 その他食品 １階 生鮮食品 リンク 画像」と読み上げた。
■音声読み上げ
「デパートのフロアガイド　マル　各階について詳しくお知りになりたい場合は各階を選択してください　マル　４階 雑貨 書籍 ３階 衣料品 ２階 お菓子 その他食品 １階 生鮮食品 リンク 画像」",,,,,,,
,H39,○,"■操作手順
「3月6日の週の予定」と読み上げた。 
Tを押して確認。「3月6日の週の予定　１行カンマ１列空白」と読み上げた。
Ins+F3でテーブルの一覧を表示すると「3月6日の週の予定 6X3」とリストに表示された。
■音声読み上げ（Tを押して確認）
「3月6日の週の予定　１行カンマ１列空白」",,,,,,,
,H42,○,"■操作手順
ページ表示時の全文読みのときも、Hで見出しをたどった際も「サイト内ナビゲーション 見出しレベル２」というように、テキストと見出しレベルを読み上げた。
Ins+F6の見出しリストで見出し一覧を確認することもできる。
■音声読み上げ（Ｈを押して確認）
「サイト内ナビゲーション　見出しレベル２」
「本日の株式市場　見出しレベル１」
「関連リンク　見出しレベル２」",,,,,,,
,H43,○,"■操作手順
１．Ctrl+Alt+テンキー（６なら右へセル移動、４なら左へセル移動）で確認した。
1つ目のデータセル「15％」から2つ目のデータセル「5％」に移動した際には、「東京　男性　5％ ２列」と読み上げた
２．Ctrl+Alt+テンキー５で確認した。
２つ目のデータセル「5％」を「２行カンマ３列 東京　男性　5%」と読み上げた （JAWSオプションの調整で、テーブルのタイトル読み上げを'マークされたタイトル'に設定しておくことが条件）
■音声読み上げ
１．例１「東京　男性　５％　２列」
１．例２「東京　女性　１５％　３列」
２．「２行　カンマ　３列　東京　男性　５％」",,,,,,,
,H44-1,○,"テキストフィールドにフォーカスを移動すると「お名前エディット」と読み上げる
■音声読み上げ
「お名前　エディット」
フォームモードオンにしてIns+Tabを押すとチューターメッセージも読み上げる
「お名前　エディット　テキストを入力します　マル」",,,,,,,
,H44-2,○,"テキストフィールドにフォーカスを移動すると「HTMLボックスチェック」と読み上げる
■音声読み上げ
「ＨＴＭＬ　チェックボックス　チェック」
フォームモードオンにしてIns+Tabを押すとチューターメッセージも読み上げる
「ＨＴＭＬ　チェックボックス　チェック　チェック解除するにはスペースキーを押します　マル」
「ＨＴＭＬ　チェックボックス　チェックなし　チェックするにはスペースキーを押します　マル」",,,,,,,
,H44-3,○,"■操作手順
「はちみつがけタイプ ラジオボタン ３の３」というように、ラベル、コントロールタイプ、項目番号を読み上げた。
Ins+F5のフォームフィールド一覧で項目の種類を確認することもできる。
Ins+Tabでフォーカスを当てなおさなくとも状態を確認できる。
ラジオボタンのチェックを変更するには、↑↓で仮想PCカーソルを動かしスペースを押す。
↑↓で移動させた場合は「ラジオボタン チェックなし はちみつがけタイプ ３の３」というようにコントロールタイプ、状態、ラベル、項目番号を読み上げた。
■音声読み上げ
「チョコレートタイプ　ラジオボタン　チェックなし　３の１」
フォームモードオンにしてIns+Tabを押すとチューターメッセージも読み上げる
「チョコレートタイプ　ラジオボタン　チェックなし　３の１　選択を変更するには上下の矢印キーを押します　マル」",,,,,,,
,H45,○,"■操作手順
「会員数の遷移グラフ Enterでlongdescription」と読み上げた。
■読み上げ
「会員数の遷移グラフ Enterでlongdescription」",H45-ref1.htmlへのリンクであることは通知されない。,,,,,,
,H48-1,○,"■操作手順
「2個のリスト」「1ピリオドボウルに…「2ピリオド塩とコショウ…」と読む(Ctrl+↓で読み上げ確認)
■音声読み上げ
「２個のリスト」
「１ピリオド　ボウルにたまごと牛乳をいれ　テン　混ぜます　マル」
「２ピリオド　塩とコショウを加えます　マル　リスト終了」",,,,,,,
,H48-2,○,"■操作手順
項目を読み上げる前に「３個のリスト」と読み上げる(Ctrl+↓で読み上げ確認)
■音声読み上げ
「３個のリスト」
「ナカテン　ギュウニュウ」
「ナカテン　卵」
「ナカテン　バター　リスト終了」",,,,,,,
,H48-3,○,"■操作手順
1個の定義リスト点滅一秒間に…」と読み上げる
■音声読み上げ
「1個の定義リスト　点滅　一秒間に3〜5回点いたり消えたりすること　マル　リスト終了」",,,,,,,
,H49-1,×,"■操作手順
全体の文章と同じように読み上げる
■音声読み上げ
「ドットドットドット　彼女が本当に言いたかったのは　テン　コーテーション　これは良いどころではなく　テン　むしろすばらしい　コーテーション　ということだった　カンタンフ　ドットドットドット」（音声による変化はなかった）",音声による変化はなかった,,,,,,
,H49-2,△,"■操作手順
「わが人生の物語」は本文と同じように読み上げるが、「ここが引用されているブロックです…」はその前に「引用」と読み上げる
■音声読み上げ
「次の文章は、ヘレンケラーのわが人生の物語からの引用です　マル　引用　ここが引用されているブロックです　マル　ここが引用されているブロックです　マル　ここが・・・（最後まで）」（音声による変化はなかった）",音声による変化はなかった,,,,,,
,H49-3,×,"■操作手順
JAWSオプションの調整で「引用の通知」はオンにしている。引用であることを伝える読み上げ方はしていない。コーテーションはテキストに書かれているもの。
■音声読み上げ
「ヘレン・ケラーは言いました、 コーテーション自己憐憫は私たちの最悪の敵です。もし、それに自らを委ねるなら、 私たちは世の中で決して賢明なことができないでしょう。コーテーション」","JAWSオプションの調整で「引用の通知」はオンにしている。

JAWSの「引用の通知」は「Blockquote」要素および「Cite」属性の対応のことです。
Q要素は対応していないと思われます。
",,,,,,
,H49-4,×,"■音声読み上げ
「アエンイオン　ハ　ゼット　エヌ　ニ　プラス」
「ザ　ケミカル　ノーテイション　フォー　ウォーター　イズ　エイチ　ニ　オー　ピリオド」",※言語は日本語で設定して読み上げた（英語でも同じ結果になる）,,,,,,
,H50-1,×,"■操作手順
Tab移動、↓、Ctrl+↓で確認した。
「５個のリスト キッチン リンク」と読み上げた。
■音声読み上げ
「見出しレベル２　製品カテゴリ　５個のリスト リンク　キッチン リンク　ベッドルーム ナカテン　浴室　リンク　ダイニング　リンク　照明　リンク　収納　リスト終了」",,,,,,,
,H50-2,×,"■操作手順
Tab移動、Ins+Tabでよみあげを確認した。
「ホーム リンク」と読み上げた。
■音声読み上げ
「ダイカッコヒラキ　リンク　ホーム ダイカッコトジ　ダイカッコヒラキ　リンク　検索 ダイカッコトジ　ダイカッコヒラキ　リンク　更新情報 ダイカッコトジ　ダイカッコヒラキ　リンク　サイトマップ ダイカッコトジ」",,,,,,,
,H51,○,"■操作手順
最初に「6列3行のテーブル」と読む。Ctrl＋Alt＋→↑↓←でセルを読み上げるが、そのとき移動して変わった行か列を読み上げる。「サムと会う」Ctrl＋Alt+↓で「9時〜10時ドリー先生」。「ウィリアムズ医師」」Ctrl＋Alt+→「木曜再度サムと会う」。現在のセルを読み上げはAlt+Ctrl+Fnc+Iで読み上げできた。
■音声読み上げ
１．「９時〜１０時　ドリー先生　３行」
２．「木曜　再度サムと会う　５列」
３．「６行　カンマ　３列　金曜　９時〜１０時　サンアントニオへ出発」",現在のセルを読み上げ、Alt+Ctrl+Fnc+Iは一般的な操作（ヘルプに記載されている）,,,,,,
,H53-1,×,"■操作手順
代替テキストを読み上げない。
■音声読み上げ
なし",代替テキストを読み上げなかった。,,,,,,
,H53-2,×,"■操作手順
テスト開始からテスト終了までの間に「富士通」と読み上げられてなかった。
■音声読み上げ
なし",読み上げない,,,,,,
,H53-3,×,"■操作手順
テスト開始からテスト終了までの間に「富士通」と読み上げられてなかった。
■音声読み上げ
なし",読み上げない,,,,,,
,H56,○,"■操作手順
見た目どおりに読み上げない
■音声読み上げ
「数字をならべます　マル　カギヒラキ　マル　ロクセンナナヒャクハチジュウキュウ　テン　ゴ　ヨン　サン　ニ　イチ　カギトジ　昇順になっているはずです　マル」","ＪＡＷＳカーソルの読み上げ（Insert+Z）
「いち　に　さん　よん　ご てん ろくせんななひゃくはちじゅうきゅう まる」
で正しく読む",,,,,,
,H57-1,-,テスト不要,,,,,,,
,H57-2,-,テスト不要,,,,,,,
,H57-3,-,テスト不要,,,,,,,
,H63,○,"■操作手順
テーブルモードのTを押して中に入る
Ctrl+Altでセルを1のとおりに移動
Ctrl+Altでセルを2のとおりに移動
■音声読み上げ
「連絡先一覧　1行　カンマ　1列　名前」
「電話　410ハイフン306ハイフン1420　３列」
「ジョエル　ナカテン　ガーナー　ピッツバーグ　4行」",テーブル内を移動した場合の読上げの種類は、Ins+Vで開く「JAWSオプションの調整」画面の「リストとテーブルオプション」＞「テーブルのタイトル読上げ」でいろいろ設定することが可能。,,,,,,
,H64-1,○,"■操作手順
F6でフレーム間を移動（IEの機能）
Ctrl+Tab,Ctrl+Shift+Tab(Jawsの機能)
「メニューフレーム」
「メインコンテンツフレーム」
とそれぞれ読み上げた。
また、Ins+F9でフレームリストを表示できる
メニュー
メインコンテンツ
とリストに表示された
■音声読み上げ
「ページに２個のフレーム　テン　１３個の見出し　テン　５５個のリンクがあります」
Ｆ６で確認
「メニュー　フレーム」
「メインコンテンツ　フレーム」",,,,,,,
,H64-2,○,"■操作手順
タブでフォーカスを当てると「広告 フレーム」と読み上げた。
Ins+F9のフレームリストでも広告フレームを確認することができる
■音声読み上げ
「ページに１個のフレーム　テン　１３個の見出し　テン　５２個のリンクがあります」
Ｆ６で確認
「広告　フレーム」",,,,,,,
,H65-1,○,"■操作手順
セレクトメニューにフォーカスを当てたとき「検索範囲を選択コンボボックス」と読み上げる
■音声読み上げ
「検索範囲を選択　コンボボックス　このサイト内　３の１」",,,,,,,
,H65-2,○,"■操作手順
「市外局番」「ハイフン」「市内局番」「ハイフン」と読み上げた。
■音声読み上げ
「電話番号　市外局番　エディット」
「電話番号　市内局番　エディット」
「電話番号　加入者番号　エディット」",,,,,,,
,H65-3,○,"■操作手順
「検索キーワード入力」「検索ボタン」と読み上げた。
■音声読み上げ
「検索キーワード入力　エディット」",,,,,,,
,H67,○,"■操作手順
何も読み上げられない。
■音声読み上げ
なし",,,,,,,
,H69,○,"■操作手順
Hを使って、見出しをそれぞれ正逆の順番で読み上げる（Ｈを押して確認）
■音声読み上げ
「検索技術に関する定期刊行物　見出しレベル１」
「検索　見出しレベル２」
「ご利用可能な雑誌　見出しレベル２」
「検索結果　見出しレベル２」",,,,,,,
,H70,○,"■操作手順
１．F6でフレーム間を移動（IEの機能）
Ctrl+Tab,Ctrl+Shift+Tab(Jawsの機能)
「ナビゲーションバーフレーム」
「メインコンテンツフレーム」
と読み上げ、フォーカスを移動できた。
２．Ins+F9でフレームの一覧機能を表示(Jawsの機能)
「ナビゲーションバー」
「メインコンテンツ」
とリスト項目に表示された。
選択すると仮想ＰＣカーソルの移動ができた。（ＰＣカーソルまでは移動しないが、タブを１回押すと仮想ＰＣカーソルに追従してくる）
■音声読み上げ
Ｆ６で確認
「ナビゲーションバーフレーム」
「メインコンテンツフレーム」
フレームリスト
「ナビゲーションバー」
「メインコンテンツ」",,,,,,,
,H71-1,○,"■操作手順
Rを使うと、「ハムレットの作者は？」「ウィリアムシェイクスピア」「ラジオボタンチェック」「5の1」、「ハムレットの作者は？」「ラドヤードキップリング」「ラジオボタンチェックなし」「5の2」・・・と読み上げる（フォームモードオンで確認）
■音声読み上げ
「ハムレットの作者は？　ウィリアムシェイクスピア　ラジオボタンチェック　5の1　選択を変更するには上下の矢印キーを押します　マル」・・・・",,,,,,,
,H71-2,○,"■操作手順
Xを使うと、「興味のある項目（当てはまるものはすべてチェック）」「写真」「チェックボックスチェックなし」、「興味のある項目（当てはまるものはすべてチェック）」「水彩画」「チェックボックスチェック」・・・と読み上げる（フォームモードオンで確認）
■読み上げ
「興味のある項目　カッコヒラキ　当てはまるものはすべてチェック　カッコトジ　写真　チェックボックスチェック　チェック解除するにはスペースキー押します　マル」・・・・",,,,,,,
,H71-3,○,"■操作手順
Rを使うと、「好きな哲学者は？」「ソクラテス」「ラジオボタンチェックなし」「3の1」、「好きな哲学者は？」「プラトン」「ラジオボタンチェックなし」「3の2」・・・と読み上げる（フォームモードオンで確認）
■音声読み上げ
「好きな哲学者は？　ソクラテス　ラジオボタンチェック　3の1　選択を変更するには上下の矢印キーを押します　マル」・・・・",,,,,,,
,H71-4,○,"■操作手順
Fを使うと、「自宅住所」「あて先;」「エディット」、「自宅住所」「郵便番号;」「エディット」、「送付先住所」「あて先;」「エディット」・・・と読み上げる。（フォームモードオンで確認）
■音声読み上げ
「自宅住所　あて先　コロン　エディット　テキストを入力します　マル」
「自宅住所　郵便番号　コロン　エディット　テキストを入力します　マル」
「送付先住所　あて先　コロン　エディット　テキストを入力します　マル」
「送付先住所　郵便番号　コロン　エディット　テキストを入力します　マル」",,,,,,,
,H73-1,○,"■操作手順
Ｔを押すと「勝どき駅前から東京駅へ向かうバスの時刻表。時刻表には、勝どき駅前、築地、銀座4丁目の各バス停での発車時刻、および終点の東京駅丸の内南口バス停への到着時刻が示されている。」と読み上げてから、「１行カンマ１列 勝どき駅前」と読み上げた。
■音声読み上げ
「勝どき駅前から東京駅へ向かうバスの時刻表　マル　時刻表には　テン　勝どき駅前　テン　築地　テン　銀座4丁目の各バス停での発車時刻　テン　および終点の東京駅丸の内南口バス停への到着時刻が示されている　マル　１行　カンマ　１列　勝どき駅前」",,,,,,,
,H73-2,○,"■操作手順
captionの「05番系統　バス時刻表（平日）」と読み上げてから、「勝どき駅前から東京駅へ向かうバスの時刻表。時刻表には、勝どき駅前、築地、銀座4丁目の各バス停での発車時刻、および終点の東京駅丸の内南口バス停への到着時刻が示されている。」と読み上げた。
■読み上げ（Ｔを押して確認）
「05番系統　バス時刻表　カコヒラキ　平日　カッコトジ　勝どき駅前から東京駅へ向かうバスの時刻表　マル　時刻表には　テン　勝どき駅前　テン　築地　テン　銀座4丁目の各バス停での発車時刻　テン　および終点の東京駅丸の内南口バス停への到着時刻が示されている　マル　　１行　カンマ　１列　勝どき駅前」",,,,,,,
,H77-1,○,"■読み上げ
「なかてん、ウェブアクセシビリティ基盤委員会の詳細は、既読、こちら。リスト終了」",2012年4月修正,,,,,,
,H77-2,×,"■読み上げ
「ナカテン　リンク　ツーム　ナカテン　レイダー　コロン　レジェンド　リンク　イメージを見る　リンク　カッコヒラキ　デモダウンロード　カッコトジ」

1.×：読み上げる機能がないため、×
2.×：読み上げることができないため、×。","
2012年4月修正",,,,,,
,H78,○,"■読み上げ
「2004年6月に制定された日本工業規格のJIS X 8341-3が改定されました。リンク大かっこ開き [続きを読む...]大かっこ閉じ」

1.○：Ctrl +5　で読み上げ可能
2.読み上げたあと、Enterを押下すると、リンク先に遷移する。",2012年4月修正,,,,,,
,H79,○,"■読み上げ
Ctrl+Alt+テンキーの5でテーブルの現在地を読み上げるはずだが、読み上げない。
「テーブル　2行　カンマ　2列6700円リンク」
* IE8では読み上げた。（Alt+Shift+カンマ）",2012年4月修正,,,,,,
,H80-1,○,"■読み上げ
「見出しレベル２　ロイヤルパームホテル」

1. Insert＋F6で見出しリストを出すと、直前にある見出しにフォーカスがあたるので確認できる。
2. 見出しリストを閉じると、元のリンクにフォーカスが戻っている。

または、

1.○：Ins + Tで上記を読み上げる。",2012年4月修正,,,,,,
,H80-2,○,"■読み上げ
「見出し　イコール　年次報告書　2010年版　タイトルは　H80　コロン リンクのラベルとその直前にある見出し要素とを組み合わせて　テン　リンクの目的を特定する　ハイフン　例２」

1.○：Ins + Tで上記を読み上げる。",2012年4月修正,,,,,,
,H80-3,○,"■読み上げ
「見出し　イコール　約5年半ぶりにJIS X 8341-3が改定　タイトルは　H80　コロン リンクのラベルとその直前にある見出し要素とを組み合わせて　テン　リンクの目的を特定する　ハイフン　例３」

1.○：Ins + Tで読み上げる。",2012年4月修正,,,,,,
,H81-1,×,"■読み上げ
「なかてん、年次報告書　2010年版」

1.○：< + Shiftで親のリスト項目「なかてん、年次報告書　2010年版」を読み上げる
2.×：読み上げたあとその状態でEnterを押下すると「なかてん」といってフォーカスがPDFからはずれてしまい、リンク先に遷移しないため、×。",2012年4月修正,,,,,,
,H81-2,×,"■読み上げ
「1ピリオド、リンクロイヤルパームホテル」

1.：○
2.×：読み上げたあとその状態でEnterを押下する「ロイヤルパームホテル　リンク　ページに9個の見出しと26個のリンクがあります。。。」となり、リンク先に遷移しないため、×。",2012年4月修正,,,,,,
,H84-1,○,"■操作手順
Tabで月のコンゴボックスへ移動
コンゴボックスでEnterを押すと中に入る
↑↓で項目を選択
項目を選びEnter
Tabを押す
Enterを押すとページが移動する
■音声読み上げ
「ツキ　コロン　コンゴボックス　イチガツ　サンノイチ」
「フォームモード　オン」
「ツキ　コロン　コンゴボックス　イチガツ　サンノイチ」
「ヤジルシキーヲオシテセンタクシヲヘンコウシマス　マル」
「フォームモード　オフ」
「表示　ボタン」",,,,,,,
,H84-2,○,"■操作手順
Tabで月のコンゴボックスへ移動
コンゴボックスでEnterを押すと中に入る
↑↓で項目を選択
項目を選びEnter
Tabを押す
Enterを押すとページが移動する
■音声読み上げ
「オプション　コロン　コンゴボックス　ナシ　サンノイチ」
「フォームモード　オン」
「オプション　コロン　コンゴボックス　ナシ　サンノイチ」
ヤジルシキーヲオシテセンタクシヲヘンコウシマス　マル」
「フォームモード　オフ」
「実行　ボタン」",,,,,,,
,H85-1,×,"■操作手順
セレクトメニューにフォーカスを当ててEnterを押すと項目が選択できるが「リンゴ」「バナナ」「桃」とひとつづつしか読み上げない。また「にんじん」のときには何も読み上げなくなる（本来グループの「野菜」の項目になっていると推測される）（フォームモードオンで確認）
■音声読み上げ
「リンゴ」
「バナナ」
「桃」
・・・・",ひとつづつしか読み上げない,,,,,,
,H85-2,×,"■操作手順
Enterを押し、フォームモードオンにして操作。それぞれのテクニックス項目は読み上げた。
■音声読み上げ（フォームモードオンで確認）
「Ｇ１　コロン　メインコンテンツエリアへ直接移動するリンクを各ページの戦闘に追加する　マル」
「Ｇ４　コロン　コンテンツを一時停止さあせて　テン　一時停止させたところから再開できるようにする」
・・・・","カレント行の読み上げのみでグルーピングしているoptgroup要素のlabel属性値の読み上げはしない
Ｉｎｓ+Zで仮想ＰＣカーソルをオフにしても操作してみたがNG",,,,,,
,H86-1,△,"■操作手順
「笑顔」と読み上げた。（「略語を展開する」にチェックを入れておくことが条件。コンフィグマネージャ＞オプション設定＞ＨＴＭＬオプション＞テキスト　または ＪＡＷＳオプションの設定＞テキストオプション＞略語の展開 をオン）
■音声読み上げ
「笑顔」",,,,,,,
,H86-2,○,"■操作手順
「ページ内リンクASCIIアートをスキップする」でEnterを押すと「9個の見出しと9個のリンク…」とジャンプする。
■音声読み上げ
「図１　コロン　蝶の絵のアスキーアート」
「ページ内リンク　アスキーアートをスキップする」",,,,,,,
,H86-3,△,"■操作手順
「コンフィグマネージャ」ウィンドウ表示→オプション設定＞ＨＴＭＬオプション「略語を展開する」「頭字語を展開する」にチェックを入れた状態にするとAustineRocksと読み上げる。
■音声読み上げ
「オースティン　ロックス」","「略語を展開する」がabbrにあたり
「頭字語を展開する」がacronym elementsにあたるらしい",,,,,,
,H91-1a,○,"■操作手順
「既読、リンク、富士通」と読み上げた。
■音声読み上げ
「富士通　リンク」",,,,,,,
,H91-1b,○,"■操作手順
「既読、リンク、画像、富士通」と読み上げた。
■音声読み上げ
「富士通　リンク　画像」",,,,,,,
,H91-1c,○,"■操作手順
「既読、リンク、画像、富士通公式ウェブサイト」と読み上げた。
■音声読み上げ
「富士通公式ウェブサイト　リンク　画像」",,,,,,,
,H91-2a,○,"■操作手順
「保存　ボタン」と読み上げた。
■読み上げ
「保存　ボタン」",,,,,,,
,H91-2b,○,"■操作手順
「保存、ボタン」「送信、ボタン」「リセット、ボタン」と読み上げた。
■音声読み上げ
「保存　ボタン」
「送信　ボタン」
「リセット　ボタン」",,,,,,,
,H91-2c,○,"■操作手順
「保存、ボタン」と読み上げた。
■音声読み上げ
「保存　ボタン」",,,,,,,
,H91-2d,○,"■操作手順
「保存、ボタン」と読み上げた。
■音声読み上げ
「保存　ボタン」",,,,,,,
,H91-2e,○,"■操作手順
2.タブでフォーカスを当てると「ファイルを保存する　ボタン」と読み上げる
3.次のボタンへいくBを押すと「保存　ボタン」と読み上げる
■音声読み上げ
「ファイルを保存する　ボタン」
「保存　ボタン」","title属性の「ファイルを保存する」とaltの「保存」はそれぞれの操作方法で読み上げる

フォーカスした状態でIns+Tabを押すといろいろな情報の読上げを聞ける",,,,,,
,H91-3a,○,"■操作手順
「果物の種類、エディット、バナナ」と読み上げた。
■音声読み上げ
「果物の種類　エディット　バナナ　バナナ」",,,,,,,
,H91-3b,○,"■操作手順
「果物の種類、エディット、バナナ」と読み上げた。
■音声読み上げ
「果物の種類　エディット　バナナ　バナナ」",,,,,,,
,H91-4,○,"■操作手順
タブでフォーカスを当てると「チーズ チェックボックス チェック」と、テキスト、コントロールタイプ、状態を読み上げた。
スペースでチェックのオン/オフをすると「チェックなし/チェック」と状態を読み上げた。
Ins+Tabでフォーカスを当てなおさなくとも状態を確認できる。
■音声読み上げ
「チーズ　チェックボックス　チェック」または「チーズ　チェックボックス　チェックなし」",,,,,,,
,H91-5,○,"■操作手順
タブでフォーカスを当てると「赤 ラジオボタン チェック ３の１」というように、ラベル、コントロールタイプ、属性、項目番号を読み上げた。
Ins+F5のフォームフィールド一覧で項目の種類を確認することもできる。
Ins+Tabでフォーカスを当てなおさなくとも状態を確認できる。
ラジオボタンのチェックを変更するには、↑↓で仮想PCカーソルを動かしスペースを押す。
↑↓で移動させた場合は「ラジオボタン チェック 赤　３の１」というようにコントロールタイプ、状態、ラベル、項目番号を読み上げた。
■音声読み上げ
１．「赤　ラジオボタン　チェック　３の１」（フォームモードオフで確認）
２．「青　ラジオボタン　チェック　３の２　選択を変更するには上下の矢印キーを押します　マル」（フォームモードオンで確認）
３．「ラジオボタン　チェックなし　緑　３の３」スペースを押して選択「緑　ラジオボタン　チェック　３の３」（フォームモードオフで確認。フォームモードオンだと矢印キーで選択状態も移動していく）",,,,,,,
,H91-6a,○,"■操作手順
「数字、コンボボックス３の２」と読み上げた。
数字の選択も可能。Enterを押してフォームモードにして、矢印カーソルで数字を選択、Fnキー+セミコロンでフォームモードをオフにして終了。（もう一度Enterを押してもオフモードになった）
■音声読み上げ
１．２．「数字　コンボボックス　２　３の２」（フォームモードオフで確認）
「数字　コンボボックス　２　３の２　矢印キーで選択肢を変更します　マル」（フォームモードオンで確認）
３．「１」「２」「３」（矢印キーで変更して確認）",,,,,,,
,H91-6b,○,"■操作手順
「数字、コンボボックス、１、３の１」と読み上げた。
数字の選択も可能。Enterを押してフォームモードにして、矢印カーソルで数字を選択、Fnキー+セミコロンでフォームモードをオフにして終了。（もう一度Enterを押してもオフモードになった）
■音声読み上げ
１、２、「数字　コンボボックス　２　３の２」（フォームモードオフで確認）
「数字　コンボボックス　２　３の２　矢印キーで選択肢を変更します　マル」（フォームモードオンで確認）
３、「１」「２」「３」（矢印キーで変更して確認）",,,,,,,
,H91-7a,○,"■操作手順
「コメントを入力、エディット、テキストがあります」（tab）「87年前、エディット」（矢印キー）と読み上げた。
■音声読み上げ
「コメントを入力　エディット　テキストがあります」（フォームモードオフで確認）",,,,,,,
,H91-7b,○,"■操作手順
「コメントを入力、エディット、テキストがあります」（tab）「コメントを入力、87年前、エディット」（矢印キー）と読み上げた。
■音声読み上げ
「コメントを入力　エディット　テキストがあります」（フォームモードオフで確認）",,,,,,,
,H91-8,○,"■操作手順
タブでフォーカスを当てると「色を選択してください コロン 赤 ラジオボタン チェック ３の１」と読み上げた。
Ins+F5のフォームフィールド一覧で項目の種類を確認することもできる。
Ins+Tabでフォーカスを当てなおさなくとも状態を確認できる。
ラジオボタンのチェックを変更するには、↑↓で仮想PCカーソルを動かしスペースを押す。
↑↓で移動させた場合は「ラジオボタン チェック 赤 ３の１」というようにコントロールタイプ、状態、ラベル、項目番号を読み上げた。
■音声読み上げ
１．「色を選択してください　コロン　赤　ラジオボタン　チェックナシ　３の１」（フォームモードオフで確認）
２．３、４、５「色を選択してください　コロン　青　ラジオボタン　チェック　３の２　選択を上下の矢印キーを押します　マル」",,,,,,,
,SCR2,○,"■読み上げ
「W3Cウェブ・アクセシビリティ・イニシアティブ、リンク」
「W3C国際化活動、リンク」",2012年4月修正,,,,,,
,SCR16,○,"■操作手順
ダイアログが表示され、メッセージが読み上げられた。
Ins+Bで内容を再度読み上げさせることができる。
■音声読み上げ
「Microsoft InternetExplorer　ダイアログ　残り２０秒でページを更新します　マル　時間を延長しますか　疑問符　ＯＫボタン　ボタンを押すときはスペースキーを押します　マル」（初期表示時）
「ダイカッコヒラキ　Microsoft Internet Explorer ダイカッコトジ　ＯＫボタン　キャンセルボタン　残り２０秒でページを更新します　マル　時間を延長しますか　疑問符」（Ins+Bで確認）",,,,,,,
,SCR18,○,"■操作手順
無効な値を入力したらエラーメッセージのダイアログが表示され、ダイアログの内容を読み上げた 
Ins+Bでも確認可能。
■音声読み上げ
「Microsoft InternetExplorer　ダイアログ　有効な日付ではありません　マル　入力しなおしてください　マル　ＯＫボタン　ボタンを押すときはスペースキーを押します　マル」",,,,,,,
,SCR20-1,×,"■読み上げ
「ダイアログを表示、リンク」

「ダイアログを表示」のあとEnterキーを押すとページトップに戻ってしまう。しかしフォーカスは残ったままでTabキー（他のキーも）をおすとダイアログが表示され、テスト方法と同じ内容にならないため、×。",2012年4月修正,,,,,,
,SCR20-2,×,"■読み上げ
「マイクロソフトインターネットエクスプローラーダイアログ、ＪａｖaScriptは有効です。OKボタン、ボタンを押す時はスペースキーをおします。」

「ダイアログを表示」のところにフォーカスが当たるとEnterキーなどを押す前にダイアログが表示されてしまうため、×。",2012年4月修正,,,,,,
,SCR20-3,○,"■読み上げ
「ダイアログを表示、リンク。マイクロソフトインターネットエクスプローラーダイアログ、ＪａｖaScriptは有効です。OKボタン、ボタンを押す時はスペースキーをおします。」",2012年4月追加,,,,,,
,SCR20-4,○,"■読み上げ
「マイクロソフトインターネットエクスプローラーダイアログ、ＪａｖaScriptは有効です。OKボタン、ボタンを押す時はスペースキーをおします。」",2012年4月追加,,,,,,
,SCR20-5,○,"■読み上げ
「マイクロソフトインターネットエクスプローラーダイアログ、ＪａｖaScriptは有効です。OKボタン、ボタンを押す時はスペースキーをおします。」",2012年4月追加,,,,,,
,SCR21,○,"■操作手順
１．「入力エラー見出しレベル２ ページ内リンク」と読み上げた
２．「電話番号を正しく入力してください　マル ページ内リンク」と読み上げた
３．「連絡先　電話番号　エディット」と読み上げた。
４．「連絡先　FAX番号　エディット」と読み上げた。
■音声読み上げ
１．「入力エラー見出しレベル２ ページ内リンク」
２．「電話番号を正しく入力してください　マル ページ内リンク」
３．「連絡先　電話番号　エディット」
４．「連絡先　FAX番号　エディット」",,,,,,,
,SCR22,○,"■操作手順
新製品　感嘆符」と読み上げた。
■音声読み上げ
「新製品　感嘆符」",,,,,,,
,SCR26,○,"■読み上げ
「展開、ページ内リンク、ページに9個のリンクがあります・・・」",2012年4月修正,,,,,,
,SCR28-1,○,"■操作手順
１．「メニュー」を押下して4つのリンクを非表示にし、Tabキーを押すとフォーカスがメインコンテンツ部分の「メインコンテンツのリンク」へ移動して「メインコンテンツのリンク リンク」と読み上げた 
２．「メニュー」に戻って4つのリンクを表示させた後、Tabキーを押していくとフォーカスが「リンク 1」から順に再表示された4つのリンクを経て、メインコンテンツ部分の「メインコンテンツのリンク」へと移動しながら、それぞれのリンクを読み上げた
■音声読み上げ
１．「メニュー ページ内リンク」
「メインコンテンツのリンク リンク」
２．「メニュー ページ内リンク」
「リンク１ リンク」
「リンク２ リンク」
「リンク３ リンク」
「リンク４ リンク」
「メインコンテンツのリンク リンク」",,,,,,,
,SCR28-2,○,"■操作手順
１．[目次の表示 / 非表示]ボタンを押して4つのリンクがある目次を非表示にし、Tabキーを押すとフォーカスがセクション 1にある「セクション 1のリンク」へ移動して「セクション 1のリンク リンク」と読み上げた 
２．[目次の表示 / 非表示]ボタンに戻って押して目次を最表示させた後、Tabキーを押していくとフォーカスが目次の「セクション 1」から順に再表示された4つのリンクを経て、セクション 1にある「セクション 1のリンク」へと移動しながら、それぞれのリンクを読み上げた 
■音声読み上げ
１．「目次の表示 / 非表示 ボタン」
「セクション１のリンク リンク」
２．「目次の表示 / 非表示 ボタン」
「セクション１ ページ内リンク」
「セクション２ ページ内リンク」
「セクション３ ページ内リンク」
「セクション４ ページ内リンク」
「セクション１のリンク リンク」",,,,,,,
,SCR30,○,"■操作手順
「リンクラベルを拡張する」にフォーカスを移動させて押すと、「Word」、「PDF」、「HTML」がそれぞれリンクテキストが付加された状態で読み上げらた。
■音声読み上げ
「Word版 ウェブの歴史 リンク」
「PDF版 ウェブの歴史 リンク」 
「HTML版 ウェブの歴史 リンク」",,,,,,,
,SCR32,○,"■操作手順
１．[必須]項目に何も入力しないで[登録]ボタンを押した。
「3つの入力項目に入力エラーがあります。」と「次の入力項目を正しく入力してください。」と該当項目のリストが表示された
２．同時に、エラーメッセージ（例：「3つの入力項目に入力エラーがあります。 ページ内リンク」と読み上げ、フォーカスがあたった。
３．Tabキーを押下すると該当項目のリストにフォーカスが移動して「氏名[必須] ページ内リンク」と読み上げた。
４．氏名[必須] でEnterキーを押下すると、その項目のテキストフィールドにフォーカスが移動して「プロフィール 氏名[必須] エディット」と読み上げた
■読み上げ
２．「3つの入力項目に入力エラーがあります　マル 見出しレベル２　ページ内リンク」
３．「氏名　ダイカッコヒラキ　必須　ダイカッコトジ　ページ内リンク」
４．「プロフィール 氏名　ダイカッコヒラキ　必須　ダイカッコトジ　エディット」",,,,,,,
,SCR33,○,"■操作手順
「このテキストはスクロールします。Javascript及びCSSがサポートされていて、どちらも有効な場合は、一時停止/スクロールのリンクが表示されます。」と読み上げられた。
■音声読み上げ
「このテキストはスクロールします　マル　Javascript及びCSSがサポートされていて　テン　どちらも有効な場合は　テン　一時停止　スラッシュ　スクロールのリンクが表示されます　マル　リンク　一時停止」",,,,,,,
,SCR35-1,-,テスト不要,,,,,,,
,SCR35-2,○,"■操作手順
1.ブラウザの設定でJavaScriptをオンにして、リンク「JavaScriptを実行するリンク」を押下したら、富士通サイトへ移動した 
2.ブラウザの設定でJavaScriptをオフにして、リンク「JavaScriptを実行するリンク」を押下したら、代替ページへ移動した
■音声読み上げ
「JavaScriptを実行するリンク　リンク」",,,,,,,
,SCR35-4,-,テスト不要,,,,,,,
,SCR35-5,-,テスト不要,,,,,,,
,SCR35-6,-,テスト不要,,,,,,,
,SCR36,○,"■操作手順
１．初期ロード時、ボタンフォーカス時にCtrl+↓でテキストがスクロールしている状態で、「Webというのは、･･･」から始まる文章をすべて読み上げた。 
２．テキストがすべて静止して表示されている状態で、「Webというのは、･･･」から始まる文章を読み上げることができた。
■音声読み上げ
「Webというのは、従来の新聞・雑誌などの紙の印刷物、テレビ、ラジオといったメディアと比較しても・・・・（最後まで）」",,,,,,,
,SCR37,○,"■読み上げ
「オプションボタン、（Tabキーを押下）ソートオーダーデフォルトラジオボタンチェック２の２、OKボタン、キャンセルボタン」

1.：ダイアログがでてくるが、Tabキーをおすまで読み上げない",2012年4月修正,,,,,,
,,,,,,,,,,
,この作品は、クリエイティブ・コモンズ・ライセンスの下でライセンスされています,,,,,,,,,
,,,,,,,,,,
,,,利用許諾条件（表示 - 継承 2.1 日本）の確認 ,,,,,,,
,,,,,,,,,,
,原著作者：富士通デザイン株式会社,,,,,,,,,
,作成者：ウェブアクセシビリティ基盤委員会　実装ワーキンググループ（WG2）,,,,,,,,,
,作成日： 2010年8月20日,,,,,,,,,
,最終更新日：　2012年5月10日,,,,,,,,,
